geography,metric,reference_period,release_date,value,unit,source_url,vintage,population,geographie,mesure,annee_reference_octobre,valeur,unite,qualite_schl,fichier_source,table_source,date_publication,url_source,millesime
Montréal RMR,vacancy_all,2025-10,2025-12-11,2.9,%,https://www.cmhc-schl.gc.ca/professionals/housing-markets-data-and-research/market-reports/rental-market-reports-major-centres?ap=a1-p1,page consultée 2026-10-03,purpose-built private rental apartments 3+ units,,,,,,,,,,,
Montréal RMR,average_2bed_rent,2025-10,2025-12-11,1346.0,CAD/month,https://www.cmhc-schl.gc.ca/professionals/housing-markets-data-and-research/market-reports/rental-market-reports-major-centres?ap=a1-p1,page consultée 2026-10-03,purpose-built private rental apartments 3+ units,,,,,,,,,,,
Montréal RMR,same_sample_2bed_growth,2025-10,2025-12-11,7.2,%,https://www.cmhc-schl.gc.ca/professionals/housing-markets-data-and-research/market-reports/rental-market-reports-major-centres?ap=a1-p1,page consultée 2026-10-03,purpose-built private rental apartments 3+ units,,,,,,,,,,,
Ottawa Ontario portion,vacancy_all,2025-10,2025-12-11,3.0,%,https://www.cmhc-schl.gc.ca/professionals/housing-markets-data-and-research/market-reports/rental-market-reports-major-centres?ap=a1-p1,page consultée 2026-10-03,purpose-built private rental apartments 3+ units,,,,,,,,,,,
Ottawa Ontario portion,average_2bed_rent,2025-10,2025-12-11,1926.0,CAD/month,https://www.cmhc-schl.gc.ca/professionals/housing-markets-data-and-research/market-reports/rental-market-reports-major-centres?ap=a1-p1,page consultée 2026-10-03,purpose-built private rental apartments 3+ units,,,,,,,,,,,
Ottawa Ontario portion,same_sample_2bed_growth,2025-10,2025-12-11,3.4,%,https://www.cmhc-schl.gc.ca/professionals/housing-markets-data-and-research/market-reports/rental-market-reports-major-centres?ap=a1-p1,page consultée 2026-10-03,purpose-built private rental apartments 3+ units,,,,,,,,,,,
Montréal CMA,vacance_2ch,2024-10,2025-12-11,1.7,%,https://www.cmhc-schl.gc.ca/professionals/housing-markets-data-and-research/housing-data/data-tables/rental-market/rental-market-report-data-tables,"édition 2025; les observations Octobre 2024 sont reprises dans ce millésime, pas un fichier publié en 2024","immeubles locatifs privés de 3 logements ou plus, parc primaire; pas tous les condos locatifs ni toutes annonces",Montréal CMA,vacance_2ch,2024.0,1.7,%,b,rmr-quebec-2025-en.xlsx,Table 1.1.1,2025-12-11,https://www.cmhc-schl.gc.ca/professionals/housing-markets-data-and-research/housing-data/data-tables/rental-market/rental-market-report-data-tables,"édition 2025; les observations Octobre 2024 sont reprises dans ce millésime, pas un fichier publié en 2024"
Montréal CMA,vacance_2ch,2025-10,2025-12-11,2.9,%,https://www.cmhc-schl.gc.ca/professionals/housing-markets-data-and-research/housing-data/data-tables/rental-market/rental-market-report-data-tables,"édition 2025; les observations Octobre 2024 sont reprises dans ce millésime, pas un fichier publié en 2024","immeubles locatifs privés de 3 logements ou plus, parc primaire; pas tous les condos locatifs ni toutes annonces",Montréal CMA,vacance_2ch,2025.0,2.9,%,a,rmr-quebec-2025-en.xlsx,Table 1.1.1,2025-12-11,https://www.cmhc-schl.gc.ca/professionals/housing-markets-data-and-research/housing-data/data-tables/rental-market/rental-market-report-data-tables,"édition 2025; les observations Octobre 2024 sont reprises dans ce millésime, pas un fichier publié en 2024"
Montréal CMA,vacance_total,2024-10,2025-12-11,2.1,%,https://www.cmhc-schl.gc.ca/professionals/housing-markets-data-and-research/housing-data/data-tables/rental-market/rental-market-report-data-tables,"édition 2025; les observations Octobre 2024 sont reprises dans ce millésime, pas un fichier publié en 2024","immeubles locatifs privés de 3 logements ou plus, parc primaire; pas tous les condos locatifs ni toutes annonces",Montréal CMA,vacance_total,2024.0,2.1,%,b,rmr-quebec-2025-en.xlsx,Table 1.1.1,2025-12-11,https://www.cmhc-schl.gc.ca/professionals/housing-markets-data-and-research/housing-data/data-tables/rental-market/rental-market-report-data-tables,"édition 2025; les observations Octobre 2024 sont reprises dans ce millésime, pas un fichier publié en 2024"
Montréal CMA,vacance_total,2025-10,2025-12-11,2.9,%,https://www.cmhc-schl.gc.ca/professionals/housing-markets-data-and-research/housing-data/data-tables/rental-market/rental-market-report-data-tables,"édition 2025; les observations Octobre 2024 sont reprises dans ce millésime, pas un fichier publié en 2024","immeubles locatifs privés de 3 logements ou plus, parc primaire; pas tous les condos locatifs ni toutes annonces",Montréal CMA,vacance_total,2025.0,2.9,%,a,rmr-quebec-2025-en.xlsx,Table 1.1.1,2025-12-11,https://www.cmhc-schl.gc.ca/professionals/housing-markets-data-and-research/housing-data/data-tables/rental-market/rental-market-report-data-tables,"édition 2025; les observations Octobre 2024 sont reprises dans ce millésime, pas un fichier publié en 2024"
Montréal CMA,loyer_moyen_2ch,2024-10,2025-12-11,1176.0,CAD/mois,https://www.cmhc-schl.gc.ca/professionals/housing-markets-data-and-research/housing-data/data-tables/rental-market/rental-market-report-data-tables,"édition 2025; les observations Octobre 2024 sont reprises dans ce millésime, pas un fichier publié en 2024","immeubles locatifs privés de 3 logements ou plus, parc primaire; pas tous les condos locatifs ni toutes annonces",Montréal CMA,loyer_moyen_2ch,2024.0,1176.0,CAD/mois,a,rmr-quebec-2025-en.xlsx,Table 1.1.2,2025-12-11,https://www.cmhc-schl.gc.ca/professionals/housing-markets-data-and-research/housing-data/data-tables/rental-market/rental-market-report-data-tables,"édition 2025; les observations Octobre 2024 sont reprises dans ce millésime, pas un fichier publié en 2024"
Montréal CMA,loyer_moyen_2ch,2025-10,2025-12-11,1346.0,CAD/mois,https://www.cmhc-schl.gc.ca/professionals/housing-markets-data-and-research/housing-data/data-tables/rental-market/rental-market-report-data-tables,"édition 2025; les observations Octobre 2024 sont reprises dans ce millésime, pas un fichier publié en 2024","immeubles locatifs privés de 3 logements ou plus, parc primaire; pas tous les condos locatifs ni toutes annonces",Montréal CMA,loyer_moyen_2ch,2025.0,1346.0,CAD/mois,a,rmr-quebec-2025-en.xlsx,Table 1.1.2,2025-12-11,https://www.cmhc-schl.gc.ca/professionals/housing-markets-data-and-research/housing-data/data-tables/rental-market/rental-market-report-data-tables,"édition 2025; les observations Octobre 2024 sont reprises dans ce millésime, pas un fichier publié en 2024"
Montréal CMA,variation_loyer_meme_echantillon_2ch,2024-10,2025-12-11,6.3,%,https://www.cmhc-schl.gc.ca/professionals/housing-markets-data-and-research/housing-data/data-tables/rental-market/rental-market-report-data-tables,"édition 2025; les observations Octobre 2024 sont reprises dans ce millésime, pas un fichier publié en 2024","immeubles locatifs privés de 3 logements ou plus, parc primaire; pas tous les condos locatifs ni toutes annonces",Montréal CMA,variation_loyer_meme_echantillon_2ch,2024.0,6.3,%,b,rmr-quebec-2025-en.xlsx,Table 1.1.5,2025-12-11,https://www.cmhc-schl.gc.ca/professionals/housing-markets-data-and-research/housing-data/data-tables/rental-market/rental-market-report-data-tables,"édition 2025; les observations Octobre 2024 sont reprises dans ce millésime, pas un fichier publié en 2024"
Montréal CMA,variation_loyer_meme_echantillon_2ch,2025-10,2025-12-11,7.2,%,https://www.cmhc-schl.gc.ca/professionals/housing-markets-data-and-research/housing-data/data-tables/rental-market/rental-market-report-data-tables,"édition 2025; les observations Octobre 2024 sont reprises dans ce millésime, pas un fichier publié en 2024","immeubles locatifs privés de 3 logements ou plus, parc primaire; pas tous les condos locatifs ni toutes annonces",Montréal CMA,variation_loyer_meme_echantillon_2ch,2025.0,7.2,%,a,rmr-quebec-2025-en.xlsx,Table 1.1.5,2025-12-11,https://www.cmhc-schl.gc.ca/professionals/housing-markets-data-and-research/housing-data/data-tables/rental-market/rental-market-report-data-tables,"édition 2025; les observations Octobre 2024 sont reprises dans ce millésime, pas un fichier publié en 2024"
Montréal CMA,rotation_2ch,2024-10,2025-12-11,10.4,%,https://www.cmhc-schl.gc.ca/professionals/housing-markets-data-and-research/housing-data/data-tables/rental-market/rental-market-report-data-tables,"édition 2025; les observations Octobre 2024 sont reprises dans ce millésime, pas un fichier publié en 2024","immeubles locatifs privés de 3 logements ou plus, parc primaire; pas tous les condos locatifs ni toutes annonces",Montréal CMA,rotation_2ch,2024.0,10.4,%,c,rmr-quebec-2025-en.xlsx,Table 1.1.6,2025-12-11,https://www.cmhc-schl.gc.ca/professionals/housing-markets-data-and-research/housing-data/data-tables/rental-market/rental-market-report-data-tables,"édition 2025; les observations Octobre 2024 sont reprises dans ce millésime, pas un fichier publié en 2024"
Montréal CMA,rotation_2ch,2025-10,2025-12-11,9.2,%,https://www.cmhc-schl.gc.ca/professionals/housing-markets-data-and-research/housing-data/data-tables/rental-market/rental-market-report-data-tables,"édition 2025; les observations Octobre 2024 sont reprises dans ce millésime, pas un fichier publié en 2024","immeubles locatifs privés de 3 logements ou plus, parc primaire; pas tous les condos locatifs ni toutes annonces",Montréal CMA,rotation_2ch,2025.0,9.2,%,b,rmr-quebec-2025-en.xlsx,Table 1.1.6,2025-12-11,https://www.cmhc-schl.gc.ca/professionals/housing-markets-data-and-research/housing-data/data-tables/rental-market/rental-market-report-data-tables,"édition 2025; les observations Octobre 2024 sont reprises dans ce millésime, pas un fichier publié en 2024"
Montréal CMA,univers_2ch,2024-10,2025-12-11,362449.0,unités,https://www.cmhc-schl.gc.ca/professionals/housing-markets-data-and-research/housing-data/data-tables/rental-market/rental-market-report-data-tables,"édition 2025; les observations Octobre 2024 sont reprises dans ce millésime, pas un fichier publié en 2024","immeubles locatifs privés de 3 logements ou plus, parc primaire; pas tous les condos locatifs ni toutes annonces",Montréal CMA,univers_2ch,2024.0,362449.0,unités,,rmr-quebec-2025-en.xlsx,Table 1.1.3,2025-12-11,https://www.cmhc-schl.gc.ca/professionals/housing-markets-data-and-research/housing-data/data-tables/rental-market/rental-market-report-data-tables,"édition 2025; les observations Octobre 2024 sont reprises dans ce millésime, pas un fichier publié en 2024"
Montréal CMA,univers_2ch,2025-10,2025-12-11,362373.0,unités,https://www.cmhc-schl.gc.ca/professionals/housing-markets-data-and-research/housing-data/data-tables/rental-market/rental-market-report-data-tables,"édition 2025; les observations Octobre 2024 sont reprises dans ce millésime, pas un fichier publié en 2024","immeubles locatifs privés de 3 logements ou plus, parc primaire; pas tous les condos locatifs ni toutes annonces",Montréal CMA,univers_2ch,2025.0,362373.0,unités,,rmr-quebec-2025-en.xlsx,Table 1.1.3,2025-12-11,https://www.cmhc-schl.gc.ca/professionals/housing-markets-data-and-research/housing-data/data-tables/rental-market/rental-market-report-data-tables,"édition 2025; les observations Octobre 2024 sont reprises dans ce millésime, pas un fichier publié en 2024"
Ottawa-Gatineau CMA (Ont. part),vacance_2ch,2024-10,2025-12-11,2.9,%,https://www.cmhc-schl.gc.ca/professionals/housing-markets-data-and-research/housing-data/data-tables/rental-market/rental-market-report-data-tables,"édition 2025; les observations Octobre 2024 sont reprises dans ce millésime, pas un fichier publié en 2024","immeubles locatifs privés de 3 logements ou plus, parc primaire; pas tous les condos locatifs ni toutes annonces",Ottawa-Gatineau CMA (Ont. part),vacance_2ch,2024.0,2.9,%,a,rmr-ontario-2025-en.xlsx,Table 1.1.1,2025-12-11,https://www.cmhc-schl.gc.ca/professionals/housing-markets-data-and-research/housing-data/data-tables/rental-market/rental-market-report-data-tables,"édition 2025; les observations Octobre 2024 sont reprises dans ce millésime, pas un fichier publié en 2024"
Ottawa-Gatineau CMA (Ont. part),vacance_2ch,2025-10,2025-12-11,2.9,%,https://www.cmhc-schl.gc.ca/professionals/housing-markets-data-and-research/housing-data/data-tables/rental-market/rental-market-report-data-tables,"édition 2025; les observations Octobre 2024 sont reprises dans ce millésime, pas un fichier publié en 2024","immeubles locatifs privés de 3 logements ou plus, parc primaire; pas tous les condos locatifs ni toutes annonces",Ottawa-Gatineau CMA (Ont. part),vacance_2ch,2025.0,2.9,%,a,rmr-ontario-2025-en.xlsx,Table 1.1.1,2025-12-11,https://www.cmhc-schl.gc.ca/professionals/housing-markets-data-and-research/housing-data/data-tables/rental-market/rental-market-report-data-tables,"édition 2025; les observations Octobre 2024 sont reprises dans ce millésime, pas un fichier publié en 2024"
Ottawa-Gatineau CMA (Ont. part),vacance_total,2024-10,2025-12-11,2.6,%,https://www.cmhc-schl.gc.ca/professionals/housing-markets-data-and-research/housing-data/data-tables/rental-market/rental-market-report-data-tables,"édition 2025; les observations Octobre 2024 sont reprises dans ce millésime, pas un fichier publié en 2024","immeubles locatifs privés de 3 logements ou plus, parc primaire; pas tous les condos locatifs ni toutes annonces",Ottawa-Gatineau CMA (Ont. part),vacance_total,2024.0,2.6,%,a,rmr-ontario-2025-en.xlsx,Table 1.1.1,2025-12-11,https://www.cmhc-schl.gc.ca/professionals/housing-markets-data-and-research/housing-data/data-tables/rental-market/rental-market-report-data-tables,"édition 2025; les observations Octobre 2024 sont reprises dans ce millésime, pas un fichier publié en 2024"
Ottawa-Gatineau CMA (Ont. part),vacance_total,2025-10,2025-12-11,3.0,%,https://www.cmhc-schl.gc.ca/professionals/housing-markets-data-and-research/housing-data/data-tables/rental-market/rental-market-report-data-tables,"édition 2025; les observations Octobre 2024 sont reprises dans ce millésime, pas un fichier publié en 2024","immeubles locatifs privés de 3 logements ou plus, parc primaire; pas tous les condos locatifs ni toutes annonces",Ottawa-Gatineau CMA (Ont. part),vacance_total,2025.0,3.0,%,b,rmr-ontario-2025-en.xlsx,Table 1.1.1,2025-12-11,https://www.cmhc-schl.gc.ca/professionals/housing-markets-data-and-research/housing-data/data-tables/rental-market/rental-market-report-data-tables,"édition 2025; les observations Octobre 2024 sont reprises dans ce millésime, pas un fichier publié en 2024"
Ottawa-Gatineau CMA (Ont. part),loyer_moyen_2ch,2024-10,2025-12-11,1880.0,CAD/mois,https://www.cmhc-schl.gc.ca/professionals/housing-markets-data-and-research/housing-data/data-tables/rental-market/rental-market-report-data-tables,"édition 2025; les observations Octobre 2024 sont reprises dans ce millésime, pas un fichier publié en 2024","immeubles locatifs privés de 3 logements ou plus, parc primaire; pas tous les condos locatifs ni toutes annonces",Ottawa-Gatineau CMA (Ont. part),loyer_moyen_2ch,2024.0,1880.0,CAD/mois,a,rmr-ontario-2025-en.xlsx,Table 1.1.2,2025-12-11,https://www.cmhc-schl.gc.ca/professionals/housing-markets-data-and-research/housing-data/data-tables/rental-market/rental-market-report-data-tables,"édition 2025; les observations Octobre 2024 sont reprises dans ce millésime, pas un fichier publié en 2024"
Ottawa-Gatineau CMA (Ont. part),loyer_moyen_2ch,2025-10,2025-12-11,1926.0,CAD/mois,https://www.cmhc-schl.gc.ca/professionals/housing-markets-data-and-research/housing-data/data-tables/rental-market/rental-market-report-data-tables,"édition 2025; les observations Octobre 2024 sont reprises dans ce millésime, pas un fichier publié en 2024","immeubles locatifs privés de 3 logements ou plus, parc primaire; pas tous les condos locatifs ni toutes annonces",Ottawa-Gatineau CMA (Ont. part),loyer_moyen_2ch,2025.0,1926.0,CAD/mois,a,rmr-ontario-2025-en.xlsx,Table 1.1.2,2025-12-11,https://www.cmhc-schl.gc.ca/professionals/housing-markets-data-and-research/housing-data/data-tables/rental-market/rental-market-report-data-tables,"édition 2025; les observations Octobre 2024 sont reprises dans ce millésime, pas un fichier publié en 2024"
Ottawa-Gatineau CMA (Ont. part),variation_loyer_meme_echantillon_2ch,2024-10,2025-12-11,5.0,%,https://www.cmhc-schl.gc.ca/professionals/housing-markets-data-and-research/housing-data/data-tables/rental-market/rental-market-report-data-tables,"édition 2025; les observations Octobre 2024 sont reprises dans ce millésime, pas un fichier publié en 2024","immeubles locatifs privés de 3 logements ou plus, parc primaire; pas tous les condos locatifs ni toutes annonces",Ottawa-Gatineau CMA (Ont. part),variation_loyer_meme_echantillon_2ch,2024.0,5.0,%,b,rmr-ontario-2025-en.xlsx,Table 1.1.5,2025-12-11,https://www.cmhc-schl.gc.ca/professionals/housing-markets-data-and-research/housing-data/data-tables/rental-market/rental-market-report-data-tables,"édition 2025; les observations Octobre 2024 sont reprises dans ce millésime, pas un fichier publié en 2024"
Ottawa-Gatineau CMA (Ont. part),variation_loyer_meme_echantillon_2ch,2025-10,2025-12-11,3.4,%,https://www.cmhc-schl.gc.ca/professionals/housing-markets-data-and-research/housing-data/data-tables/rental-market/rental-market-report-data-tables,"édition 2025; les observations Octobre 2024 sont reprises dans ce millésime, pas un fichier publié en 2024","immeubles locatifs privés de 3 logements ou plus, parc primaire; pas tous les condos locatifs ni toutes annonces",Ottawa-Gatineau CMA (Ont. part),variation_loyer_meme_echantillon_2ch,2025.0,3.4,%,b,rmr-ontario-2025-en.xlsx,Table 1.1.5,2025-12-11,https://www.cmhc-schl.gc.ca/professionals/housing-markets-data-and-research/housing-data/data-tables/rental-market/rental-market-report-data-tables,"édition 2025; les observations Octobre 2024 sont reprises dans ce millésime, pas un fichier publié en 2024"
Ottawa-Gatineau CMA (Ont. part),rotation_2ch,2024-10,2025-12-11,13.4,%,https://www.cmhc-schl.gc.ca/professionals/housing-markets-data-and-research/housing-data/data-tables/rental-market/rental-market-report-data-tables,"édition 2025; les observations Octobre 2024 sont reprises dans ce millésime, pas un fichier publié en 2024","immeubles locatifs privés de 3 logements ou plus, parc primaire; pas tous les condos locatifs ni toutes annonces",Ottawa-Gatineau CMA (Ont. part),rotation_2ch,2024.0,13.4,%,c,rmr-ontario-2025-en.xlsx,Table 1.1.6,2025-12-11,https://www.cmhc-schl.gc.ca/professionals/housing-markets-data-and-research/housing-data/data-tables/rental-market/rental-market-report-data-tables,"édition 2025; les observations Octobre 2024 sont reprises dans ce millésime, pas un fichier publié en 2024"
Ottawa-Gatineau CMA (Ont. part),rotation_2ch,2025-10,2025-12-11,13.5,%,https://www.cmhc-schl.gc.ca/professionals/housing-markets-data-and-research/housing-data/data-tables/rental-market/rental-market-report-data-tables,"édition 2025; les observations Octobre 2024 sont reprises dans ce millésime, pas un fichier publié en 2024","immeubles locatifs privés de 3 logements ou plus, parc primaire; pas tous les condos locatifs ni toutes annonces",Ottawa-Gatineau CMA (Ont. part),rotation_2ch,2025.0,13.5,%,a,rmr-ontario-2025-en.xlsx,Table 1.1.6,2025-12-11,https://www.cmhc-schl.gc.ca/professionals/housing-markets-data-and-research/housing-data/data-tables/rental-market/rental-market-report-data-tables,"édition 2025; les observations Octobre 2024 sont reprises dans ce millésime, pas un fichier publié en 2024"
Ottawa-Gatineau CMA (Ont. part),univers_2ch,2024-10,2025-12-11,35136.0,unités,https://www.cmhc-schl.gc.ca/professionals/housing-markets-data-and-research/housing-data/data-tables/rental-market/rental-market-report-data-tables,"édition 2025; les observations Octobre 2024 sont reprises dans ce millésime, pas un fichier publié en 2024","immeubles locatifs privés de 3 logements ou plus, parc primaire; pas tous les condos locatifs ni toutes annonces",Ottawa-Gatineau CMA (Ont. part),univers_2ch,2024.0,35136.0,unités,,rmr-ontario-2025-en.xlsx,Table 1.1.3,2025-12-11,https://www.cmhc-schl.gc.ca/professionals/housing-markets-data-and-research/housing-data/data-tables/rental-market/rental-market-report-data-tables,"édition 2025; les observations Octobre 2024 sont reprises dans ce millésime, pas un fichier publié en 2024"
Ottawa-Gatineau CMA (Ont. part),univers_2ch,2025-10,2025-12-11,34653.0,unités,https://www.cmhc-schl.gc.ca/professionals/housing-markets-data-and-research/housing-data/data-tables/rental-market/rental-market-report-data-tables,"édition 2025; les observations Octobre 2024 sont reprises dans ce millésime, pas un fichier publié en 2024","immeubles locatifs privés de 3 logements ou plus, parc primaire; pas tous les condos locatifs ni toutes annonces",Ottawa-Gatineau CMA (Ont. part),univers_2ch,2025.0,34653.0,unités,,rmr-ontario-2025-en.xlsx,Table 1.1.3,2025-12-11,https://www.cmhc-schl.gc.ca/professionals/housing-markets-data-and-research/housing-data/data-tables/rental-market/rental-market-report-data-tables,"édition 2025; les observations Octobre 2024 sont reprises dans ce millésime, pas un fichier publié en 2024"
