edition,annee_reference,periode_reference,publication,geographie,geographie_originale,geographie_recensement,chambres,indicateur,valeur,valeur_originale,unite,qualite,statut,table,cellule,fichier,source_sha256,url
2021,2020,2020-10,2022-02-18,Montréal RMR,Montréal CMA,2016,2,vacance_pct,2.1,2.1,percent,a,publie,1.1.1,L55,rmr-montreal-2021-en.xlsx,b93e0d6ee07a62701f3cdd7e5564fbfe89551ebc0f81f2b6f2bd30e6b611e773,https://assets.cmhc-schl.gc.ca/sites/cmhc/professional/housing-markets-data-and-research/housing-data-tables/rental-market/rental-market-report-data-tables/2021/rmr-montreal-2021-en.xlsx
2021,2021,2021-10,2022-02-18,Montréal RMR,Montréal CMA,2016,2,vacance_pct,2.1,2.1,percent,b,publie,1.1.1,N55,rmr-montreal-2021-en.xlsx,b93e0d6ee07a62701f3cdd7e5564fbfe89551ebc0f81f2b6f2bd30e6b611e773,https://assets.cmhc-schl.gc.ca/sites/cmhc/professional/housing-markets-data-and-research/housing-data-tables/rental-market/rental-market-report-data-tables/2021/rmr-montreal-2021-en.xlsx
2021,2020,2020-10,2022-02-18,Montréal RMR,Montréal CMA,2016,total,vacance_pct,2.7,2.7,percent,a,publie,1.1.1,V55,rmr-montreal-2021-en.xlsx,b93e0d6ee07a62701f3cdd7e5564fbfe89551ebc0f81f2b6f2bd30e6b611e773,https://assets.cmhc-schl.gc.ca/sites/cmhc/professional/housing-markets-data-and-research/housing-data-tables/rental-market/rental-market-report-data-tables/2021/rmr-montreal-2021-en.xlsx
2021,2021,2021-10,2022-02-18,Montréal RMR,Montréal CMA,2016,total,vacance_pct,3.0,3.0,percent,a,publie,1.1.1,X55,rmr-montreal-2021-en.xlsx,b93e0d6ee07a62701f3cdd7e5564fbfe89551ebc0f81f2b6f2bd30e6b611e773,https://assets.cmhc-schl.gc.ca/sites/cmhc/professional/housing-markets-data-and-research/housing-data-tables/rental-market/rental-market-report-data-tables/2021/rmr-montreal-2021-en.xlsx
2021,2020,2020-10,2022-02-18,Montréal RMR,Montréal CMA,2016,2,loyer_moyen_cad,903.0,903,CAD/month,a,publie,1.1.2,J55,rmr-montreal-2021-en.xlsx,b93e0d6ee07a62701f3cdd7e5564fbfe89551ebc0f81f2b6f2bd30e6b611e773,https://assets.cmhc-schl.gc.ca/sites/cmhc/professional/housing-markets-data-and-research/housing-data-tables/rental-market/rental-market-report-data-tables/2021/rmr-montreal-2021-en.xlsx
2021,2021,2021-10,2022-02-18,Montréal RMR,Montréal CMA,2016,2,loyer_moyen_cad,932.0,932,CAD/month,a,publie,1.1.2,L55,rmr-montreal-2021-en.xlsx,b93e0d6ee07a62701f3cdd7e5564fbfe89551ebc0f81f2b6f2bd30e6b611e773,https://assets.cmhc-schl.gc.ca/sites/cmhc/professional/housing-markets-data-and-research/housing-data-tables/rental-market/rental-market-report-data-tables/2021/rmr-montreal-2021-en.xlsx
2021,2020,2020-10,2022-02-18,Montréal RMR,Montréal CMA,2016,total,loyer_moyen_cad,891.0,891,CAD/month,a,publie,1.1.2,R55,rmr-montreal-2021-en.xlsx,b93e0d6ee07a62701f3cdd7e5564fbfe89551ebc0f81f2b6f2bd30e6b611e773,https://assets.cmhc-schl.gc.ca/sites/cmhc/professional/housing-markets-data-and-research/housing-data-tables/rental-market/rental-market-report-data-tables/2021/rmr-montreal-2021-en.xlsx
2021,2021,2021-10,2022-02-18,Montréal RMR,Montréal CMA,2016,total,loyer_moyen_cad,913.0,913,CAD/month,a,publie,1.1.2,T55,rmr-montreal-2021-en.xlsx,b93e0d6ee07a62701f3cdd7e5564fbfe89551ebc0f81f2b6f2bd30e6b611e773,https://assets.cmhc-schl.gc.ca/sites/cmhc/professional/housing-markets-data-and-research/housing-data-tables/rental-market/rental-market-report-data-tables/2021/rmr-montreal-2021-en.xlsx
2021,2020,2020-10,2022-02-18,Montréal RMR,Montréal CMA,2016,2,univers_unites,332364.0,"332,364",units,,publie,1.1.3,F55,rmr-montreal-2021-en.xlsx,b93e0d6ee07a62701f3cdd7e5564fbfe89551ebc0f81f2b6f2bd30e6b611e773,https://assets.cmhc-schl.gc.ca/sites/cmhc/professional/housing-markets-data-and-research/housing-data-tables/rental-market/rental-market-report-data-tables/2021/rmr-montreal-2021-en.xlsx
2021,2021,2021-10,2022-02-18,Montréal RMR,Montréal CMA,2016,2,univers_unites,338864.0,"338,864",units,,publie,1.1.3,G55,rmr-montreal-2021-en.xlsx,b93e0d6ee07a62701f3cdd7e5564fbfe89551ebc0f81f2b6f2bd30e6b611e773,https://assets.cmhc-schl.gc.ca/sites/cmhc/professional/housing-markets-data-and-research/housing-data-tables/rental-market/rental-market-report-data-tables/2021/rmr-montreal-2021-en.xlsx
2021,2020,2020-10,2022-02-18,Montréal RMR,Montréal CMA,2016,total,univers_unites,602897.0,"602,897",units,,publie,1.1.3,J55,rmr-montreal-2021-en.xlsx,b93e0d6ee07a62701f3cdd7e5564fbfe89551ebc0f81f2b6f2bd30e6b611e773,https://assets.cmhc-schl.gc.ca/sites/cmhc/professional/housing-markets-data-and-research/housing-data-tables/rental-market/rental-market-report-data-tables/2021/rmr-montreal-2021-en.xlsx
2021,2021,2021-10,2022-02-18,Montréal RMR,Montréal CMA,2016,total,univers_unites,612757.0,"612,757",units,,publie,1.1.3,K55,rmr-montreal-2021-en.xlsx,b93e0d6ee07a62701f3cdd7e5564fbfe89551ebc0f81f2b6f2bd30e6b611e773,https://assets.cmhc-schl.gc.ca/sites/cmhc/professional/housing-markets-data-and-research/housing-data-tables/rental-market/rental-market-report-data-tables/2021/rmr-montreal-2021-en.xlsx
2021,2020,2020-10,2022-02-18,Montréal RMR,Montréal CMA,2016,2,hausse_meme_echantillon_pct,3.6,3.6,percent,a,publie,1.1.5,J55,rmr-montreal-2021-en.xlsx,b93e0d6ee07a62701f3cdd7e5564fbfe89551ebc0f81f2b6f2bd30e6b611e773,https://assets.cmhc-schl.gc.ca/sites/cmhc/professional/housing-markets-data-and-research/housing-data-tables/rental-market/rental-market-report-data-tables/2021/rmr-montreal-2021-en.xlsx
2021,2021,2021-10,2022-02-18,Montréal RMR,Montréal CMA,2016,2,hausse_meme_echantillon_pct,3.9,3.9,percent,b,publie,1.1.5,L55,rmr-montreal-2021-en.xlsx,b93e0d6ee07a62701f3cdd7e5564fbfe89551ebc0f81f2b6f2bd30e6b611e773,https://assets.cmhc-schl.gc.ca/sites/cmhc/professional/housing-markets-data-and-research/housing-data-tables/rental-market/rental-market-report-data-tables/2021/rmr-montreal-2021-en.xlsx
2021,2020,2020-10,2022-02-18,Montréal RMR,Montréal CMA,2016,total,hausse_meme_echantillon_pct,4.2,4.2,percent,a,publie,1.1.5,R55,rmr-montreal-2021-en.xlsx,b93e0d6ee07a62701f3cdd7e5564fbfe89551ebc0f81f2b6f2bd30e6b611e773,https://assets.cmhc-schl.gc.ca/sites/cmhc/professional/housing-markets-data-and-research/housing-data-tables/rental-market/rental-market-report-data-tables/2021/rmr-montreal-2021-en.xlsx
2021,2021,2021-10,2022-02-18,Montréal RMR,Montréal CMA,2016,total,hausse_meme_echantillon_pct,3.7,3.7,percent,a,publie,1.1.5,T55,rmr-montreal-2021-en.xlsx,b93e0d6ee07a62701f3cdd7e5564fbfe89551ebc0f81f2b6f2bd30e6b611e773,https://assets.cmhc-schl.gc.ca/sites/cmhc/professional/housing-markets-data-and-research/housing-data-tables/rental-market/rental-market-report-data-tables/2021/rmr-montreal-2021-en.xlsx
2021,2020,2020-10,2022-02-18,Montréal RMR,Montréal CMA,2016,2,rotation_pct,9.6,9.6,percent,a,publie,1.1.6,L55,rmr-montreal-2021-en.xlsx,b93e0d6ee07a62701f3cdd7e5564fbfe89551ebc0f81f2b6f2bd30e6b611e773,https://assets.cmhc-schl.gc.ca/sites/cmhc/professional/housing-markets-data-and-research/housing-data-tables/rental-market/rental-market-report-data-tables/2021/rmr-montreal-2021-en.xlsx
2021,2021,2021-10,2022-02-18,Montréal RMR,Montréal CMA,2016,2,rotation_pct,10.3,10.3,percent,c,publie,1.1.6,N55,rmr-montreal-2021-en.xlsx,b93e0d6ee07a62701f3cdd7e5564fbfe89551ebc0f81f2b6f2bd30e6b611e773,https://assets.cmhc-schl.gc.ca/sites/cmhc/professional/housing-markets-data-and-research/housing-data-tables/rental-market/rental-market-report-data-tables/2021/rmr-montreal-2021-en.xlsx
2021,2020,2020-10,2022-02-18,Montréal RMR,Montréal CMA,2016,total,rotation_pct,11.4,11.4,percent,a,publie,1.1.6,V55,rmr-montreal-2021-en.xlsx,b93e0d6ee07a62701f3cdd7e5564fbfe89551ebc0f81f2b6f2bd30e6b611e773,https://assets.cmhc-schl.gc.ca/sites/cmhc/professional/housing-markets-data-and-research/housing-data-tables/rental-market/rental-market-report-data-tables/2021/rmr-montreal-2021-en.xlsx
2021,2021,2021-10,2022-02-18,Montréal RMR,Montréal CMA,2016,total,rotation_pct,11.4,11.4,percent,a,publie,1.1.6,X55,rmr-montreal-2021-en.xlsx,b93e0d6ee07a62701f3cdd7e5564fbfe89551ebc0f81f2b6f2bd30e6b611e773,https://assets.cmhc-schl.gc.ca/sites/cmhc/professional/housing-markets-data-and-research/housing-data-tables/rental-market/rental-market-report-data-tables/2021/rmr-montreal-2021-en.xlsx
2021,2020,2020-10,2022-02-18,"Ottawa-Gatineau RMR, partie Ontario",Ottawa CMA,2016,2,vacance_pct,3.7,3.7,percent,b,publie,1.1.1,L26,rmr-ottawa-2021-en.xlsx,27a1163b9171e1a6bab277f69186098e3f80e6b55439aa9fa901932bc47dfecc,https://assets.cmhc-schl.gc.ca/sites/cmhc/professional/housing-markets-data-and-research/housing-data-tables/rental-market/rental-market-report-data-tables/2021/rmr-ottawa-2021-en.xlsx
2021,2021,2021-10,2022-02-18,"Ottawa-Gatineau RMR, partie Ontario",Ottawa CMA,2016,2,vacance_pct,3.4,3.4,percent,c,publie,1.1.1,N26,rmr-ottawa-2021-en.xlsx,27a1163b9171e1a6bab277f69186098e3f80e6b55439aa9fa901932bc47dfecc,https://assets.cmhc-schl.gc.ca/sites/cmhc/professional/housing-markets-data-and-research/housing-data-tables/rental-market/rental-market-report-data-tables/2021/rmr-ottawa-2021-en.xlsx
2021,2020,2020-10,2022-02-18,"Ottawa-Gatineau RMR, partie Ontario",Ottawa CMA,2016,total,vacance_pct,3.9,3.9,percent,b,publie,1.1.1,V26,rmr-ottawa-2021-en.xlsx,27a1163b9171e1a6bab277f69186098e3f80e6b55439aa9fa901932bc47dfecc,https://assets.cmhc-schl.gc.ca/sites/cmhc/professional/housing-markets-data-and-research/housing-data-tables/rental-market/rental-market-report-data-tables/2021/rmr-ottawa-2021-en.xlsx
2021,2021,2021-10,2022-02-18,"Ottawa-Gatineau RMR, partie Ontario",Ottawa CMA,2016,total,vacance_pct,3.4,3.4,percent,b,publie,1.1.1,X26,rmr-ottawa-2021-en.xlsx,27a1163b9171e1a6bab277f69186098e3f80e6b55439aa9fa901932bc47dfecc,https://assets.cmhc-schl.gc.ca/sites/cmhc/professional/housing-markets-data-and-research/housing-data-tables/rental-market/rental-market-report-data-tables/2021/rmr-ottawa-2021-en.xlsx
2021,2020,2020-10,2022-02-18,"Ottawa-Gatineau RMR, partie Ontario",Ottawa CMA,2016,2,loyer_moyen_cad,1517.0,"1,517",CAD/month,a,publie,1.1.2,J26,rmr-ottawa-2021-en.xlsx,27a1163b9171e1a6bab277f69186098e3f80e6b55439aa9fa901932bc47dfecc,https://assets.cmhc-schl.gc.ca/sites/cmhc/professional/housing-markets-data-and-research/housing-data-tables/rental-market/rental-market-report-data-tables/2021/rmr-ottawa-2021-en.xlsx
2021,2021,2021-10,2022-02-18,"Ottawa-Gatineau RMR, partie Ontario",Ottawa CMA,2016,2,loyer_moyen_cad,1550.0,"1,550",CAD/month,a,publie,1.1.2,L26,rmr-ottawa-2021-en.xlsx,27a1163b9171e1a6bab277f69186098e3f80e6b55439aa9fa901932bc47dfecc,https://assets.cmhc-schl.gc.ca/sites/cmhc/professional/housing-markets-data-and-research/housing-data-tables/rental-market/rental-market-report-data-tables/2021/rmr-ottawa-2021-en.xlsx
2021,2020,2020-10,2022-02-18,"Ottawa-Gatineau RMR, partie Ontario",Ottawa CMA,2016,total,loyer_moyen_cad,1358.0,"1,358",CAD/month,a,publie,1.1.2,R26,rmr-ottawa-2021-en.xlsx,27a1163b9171e1a6bab277f69186098e3f80e6b55439aa9fa901932bc47dfecc,https://assets.cmhc-schl.gc.ca/sites/cmhc/professional/housing-markets-data-and-research/housing-data-tables/rental-market/rental-market-report-data-tables/2021/rmr-ottawa-2021-en.xlsx
2021,2021,2021-10,2022-02-18,"Ottawa-Gatineau RMR, partie Ontario",Ottawa CMA,2016,total,loyer_moyen_cad,1402.0,"1,402",CAD/month,a,publie,1.1.2,T26,rmr-ottawa-2021-en.xlsx,27a1163b9171e1a6bab277f69186098e3f80e6b55439aa9fa901932bc47dfecc,https://assets.cmhc-schl.gc.ca/sites/cmhc/professional/housing-markets-data-and-research/housing-data-tables/rental-market/rental-market-report-data-tables/2021/rmr-ottawa-2021-en.xlsx
2021,2020,2020-10,2022-02-18,"Ottawa-Gatineau RMR, partie Ontario",Ottawa CMA,2016,2,univers_unites,26365.0,"26,365",units,,publie,1.1.3,F26,rmr-ottawa-2021-en.xlsx,27a1163b9171e1a6bab277f69186098e3f80e6b55439aa9fa901932bc47dfecc,https://assets.cmhc-schl.gc.ca/sites/cmhc/professional/housing-markets-data-and-research/housing-data-tables/rental-market/rental-market-report-data-tables/2021/rmr-ottawa-2021-en.xlsx
2021,2021,2021-10,2022-02-18,"Ottawa-Gatineau RMR, partie Ontario",Ottawa CMA,2016,2,univers_unites,27919.0,"27,919",units,,publie,1.1.3,G26,rmr-ottawa-2021-en.xlsx,27a1163b9171e1a6bab277f69186098e3f80e6b55439aa9fa901932bc47dfecc,https://assets.cmhc-schl.gc.ca/sites/cmhc/professional/housing-markets-data-and-research/housing-data-tables/rental-market/rental-market-report-data-tables/2021/rmr-ottawa-2021-en.xlsx
2021,2020,2020-10,2022-02-18,"Ottawa-Gatineau RMR, partie Ontario",Ottawa CMA,2016,total,univers_unites,66084.0,"66,084",units,,publie,1.1.3,J26,rmr-ottawa-2021-en.xlsx,27a1163b9171e1a6bab277f69186098e3f80e6b55439aa9fa901932bc47dfecc,https://assets.cmhc-schl.gc.ca/sites/cmhc/professional/housing-markets-data-and-research/housing-data-tables/rental-market/rental-market-report-data-tables/2021/rmr-ottawa-2021-en.xlsx
2021,2021,2021-10,2022-02-18,"Ottawa-Gatineau RMR, partie Ontario",Ottawa CMA,2016,total,univers_unites,66667.0,"66,667",units,,publie,1.1.3,K26,rmr-ottawa-2021-en.xlsx,27a1163b9171e1a6bab277f69186098e3f80e6b55439aa9fa901932bc47dfecc,https://assets.cmhc-schl.gc.ca/sites/cmhc/professional/housing-markets-data-and-research/housing-data-tables/rental-market/rental-market-report-data-tables/2021/rmr-ottawa-2021-en.xlsx
2021,2020,2020-10,2022-02-18,"Ottawa-Gatineau RMR, partie Ontario",Ottawa CMA,2016,2,hausse_meme_echantillon_pct,5.2,5.2,percent,b,publie,1.1.5,J26,rmr-ottawa-2021-en.xlsx,27a1163b9171e1a6bab277f69186098e3f80e6b55439aa9fa901932bc47dfecc,https://assets.cmhc-schl.gc.ca/sites/cmhc/professional/housing-markets-data-and-research/housing-data-tables/rental-market/rental-market-report-data-tables/2021/rmr-ottawa-2021-en.xlsx
2021,2021,2021-10,2022-02-18,"Ottawa-Gatineau RMR, partie Ontario",Ottawa CMA,2016,2,hausse_meme_echantillon_pct,1.3,1.3,percent,a,publie,1.1.5,L26,rmr-ottawa-2021-en.xlsx,27a1163b9171e1a6bab277f69186098e3f80e6b55439aa9fa901932bc47dfecc,https://assets.cmhc-schl.gc.ca/sites/cmhc/professional/housing-markets-data-and-research/housing-data-tables/rental-market/rental-market-report-data-tables/2021/rmr-ottawa-2021-en.xlsx
2021,2020,2020-10,2022-02-18,"Ottawa-Gatineau RMR, partie Ontario",Ottawa CMA,2016,total,hausse_meme_echantillon_pct,4.5,4.5,percent,a,publie,1.1.5,R26,rmr-ottawa-2021-en.xlsx,27a1163b9171e1a6bab277f69186098e3f80e6b55439aa9fa901932bc47dfecc,https://assets.cmhc-schl.gc.ca/sites/cmhc/professional/housing-markets-data-and-research/housing-data-tables/rental-market/rental-market-report-data-tables/2021/rmr-ottawa-2021-en.xlsx
2021,2021,2021-10,2022-02-18,"Ottawa-Gatineau RMR, partie Ontario",Ottawa CMA,2016,total,hausse_meme_echantillon_pct,2.2,2.2,percent,a,publie,1.1.5,T26,rmr-ottawa-2021-en.xlsx,27a1163b9171e1a6bab277f69186098e3f80e6b55439aa9fa901932bc47dfecc,https://assets.cmhc-schl.gc.ca/sites/cmhc/professional/housing-markets-data-and-research/housing-data-tables/rental-market/rental-market-report-data-tables/2021/rmr-ottawa-2021-en.xlsx
2021,2020,2020-10,2022-02-18,"Ottawa-Gatineau RMR, partie Ontario",Ottawa CMA,2016,2,rotation_pct,18.8,18.8,percent,d,publie,1.1.6,L26,rmr-ottawa-2021-en.xlsx,27a1163b9171e1a6bab277f69186098e3f80e6b55439aa9fa901932bc47dfecc,https://assets.cmhc-schl.gc.ca/sites/cmhc/professional/housing-markets-data-and-research/housing-data-tables/rental-market/rental-market-report-data-tables/2021/rmr-ottawa-2021-en.xlsx
2021,2021,2021-10,2022-02-18,"Ottawa-Gatineau RMR, partie Ontario",Ottawa CMA,2016,2,rotation_pct,22.4,22.4,percent,a,publie,1.1.6,N26,rmr-ottawa-2021-en.xlsx,27a1163b9171e1a6bab277f69186098e3f80e6b55439aa9fa901932bc47dfecc,https://assets.cmhc-schl.gc.ca/sites/cmhc/professional/housing-markets-data-and-research/housing-data-tables/rental-market/rental-market-report-data-tables/2021/rmr-ottawa-2021-en.xlsx
2021,2020,2020-10,2022-02-18,"Ottawa-Gatineau RMR, partie Ontario",Ottawa CMA,2016,total,rotation_pct,17.9,17.9,percent,a,publie,1.1.6,V26,rmr-ottawa-2021-en.xlsx,27a1163b9171e1a6bab277f69186098e3f80e6b55439aa9fa901932bc47dfecc,https://assets.cmhc-schl.gc.ca/sites/cmhc/professional/housing-markets-data-and-research/housing-data-tables/rental-market/rental-market-report-data-tables/2021/rmr-ottawa-2021-en.xlsx
2021,2021,2021-10,2022-02-18,"Ottawa-Gatineau RMR, partie Ontario",Ottawa CMA,2016,total,rotation_pct,22.8,22.8,percent,a,publie,1.1.6,X26,rmr-ottawa-2021-en.xlsx,27a1163b9171e1a6bab277f69186098e3f80e6b55439aa9fa901932bc47dfecc,https://assets.cmhc-schl.gc.ca/sites/cmhc/professional/housing-markets-data-and-research/housing-data-tables/rental-market/rental-market-report-data-tables/2021/rmr-ottawa-2021-en.xlsx
2022,2021,2021-10,2023-01-26,Montréal RMR,Montréal CMA,2016,2,vacance_pct,2.1,2.1,percent,b,publie,1.1.1,L55,rmr-montreal-2022-en.xlsx,bcc5bc3ed583ad5810652aa9b8cbeff3a2c9ba1b8d59546b81d59f34901295ef,https://assets.cmhc-schl.gc.ca/sites/cmhc/professional/housing-markets-data-and-research/housing-data-tables/rental-market/rental-market-report-data-tables/2022/rmr-montreal-2022-en.xlsx
2022,2022,2022-10,2023-01-26,Montréal RMR,Montréal CMA,2016,2,vacance_pct,2.1,2.1,percent,c,publie,1.1.1,N55,rmr-montreal-2022-en.xlsx,bcc5bc3ed583ad5810652aa9b8cbeff3a2c9ba1b8d59546b81d59f34901295ef,https://assets.cmhc-schl.gc.ca/sites/cmhc/professional/housing-markets-data-and-research/housing-data-tables/rental-market/rental-market-report-data-tables/2022/rmr-montreal-2022-en.xlsx
2022,2021,2021-10,2023-01-26,Montréal RMR,Montréal CMA,2016,total,vacance_pct,3.0,3.0,percent,a,publie,1.1.1,V55,rmr-montreal-2022-en.xlsx,bcc5bc3ed583ad5810652aa9b8cbeff3a2c9ba1b8d59546b81d59f34901295ef,https://assets.cmhc-schl.gc.ca/sites/cmhc/professional/housing-markets-data-and-research/housing-data-tables/rental-market/rental-market-report-data-tables/2022/rmr-montreal-2022-en.xlsx
2022,2022,2022-10,2023-01-26,Montréal RMR,Montréal CMA,2016,total,vacance_pct,2.0,2.0,percent,a,publie,1.1.1,X55,rmr-montreal-2022-en.xlsx,bcc5bc3ed583ad5810652aa9b8cbeff3a2c9ba1b8d59546b81d59f34901295ef,https://assets.cmhc-schl.gc.ca/sites/cmhc/professional/housing-markets-data-and-research/housing-data-tables/rental-market/rental-market-report-data-tables/2022/rmr-montreal-2022-en.xlsx
2022,2021,2021-10,2023-01-26,Montréal RMR,Montréal CMA,2016,2,loyer_moyen_cad,932.0,932,CAD/month,a,publie,1.1.2,J55,rmr-montreal-2022-en.xlsx,bcc5bc3ed583ad5810652aa9b8cbeff3a2c9ba1b8d59546b81d59f34901295ef,https://assets.cmhc-schl.gc.ca/sites/cmhc/professional/housing-markets-data-and-research/housing-data-tables/rental-market/rental-market-report-data-tables/2022/rmr-montreal-2022-en.xlsx
2022,2022,2022-10,2023-01-26,Montréal RMR,Montréal CMA,2016,2,loyer_moyen_cad,1022.0,"1,022",CAD/month,a,publie,1.1.2,L55,rmr-montreal-2022-en.xlsx,bcc5bc3ed583ad5810652aa9b8cbeff3a2c9ba1b8d59546b81d59f34901295ef,https://assets.cmhc-schl.gc.ca/sites/cmhc/professional/housing-markets-data-and-research/housing-data-tables/rental-market/rental-market-report-data-tables/2022/rmr-montreal-2022-en.xlsx
2022,2021,2021-10,2023-01-26,Montréal RMR,Montréal CMA,2016,total,loyer_moyen_cad,913.0,913,CAD/month,a,publie,1.1.2,R55,rmr-montreal-2022-en.xlsx,bcc5bc3ed583ad5810652aa9b8cbeff3a2c9ba1b8d59546b81d59f34901295ef,https://assets.cmhc-schl.gc.ca/sites/cmhc/professional/housing-markets-data-and-research/housing-data-tables/rental-market/rental-market-report-data-tables/2022/rmr-montreal-2022-en.xlsx
2022,2022,2022-10,2023-01-26,Montréal RMR,Montréal CMA,2016,total,loyer_moyen_cad,998.0,998,CAD/month,a,publie,1.1.2,T55,rmr-montreal-2022-en.xlsx,bcc5bc3ed583ad5810652aa9b8cbeff3a2c9ba1b8d59546b81d59f34901295ef,https://assets.cmhc-schl.gc.ca/sites/cmhc/professional/housing-markets-data-and-research/housing-data-tables/rental-market/rental-market-report-data-tables/2022/rmr-montreal-2022-en.xlsx
2022,2021,2021-10,2023-01-26,Montréal RMR,Montréal CMA,2016,2,univers_unites,338864.0,"338,864",units,,publie,1.1.3,F55,rmr-montreal-2022-en.xlsx,bcc5bc3ed583ad5810652aa9b8cbeff3a2c9ba1b8d59546b81d59f34901295ef,https://assets.cmhc-schl.gc.ca/sites/cmhc/professional/housing-markets-data-and-research/housing-data-tables/rental-market/rental-market-report-data-tables/2022/rmr-montreal-2022-en.xlsx
2022,2022,2022-10,2023-01-26,Montréal RMR,Montréal CMA,2016,2,univers_unites,343545.0,"343,545",units,,publie,1.1.3,G55,rmr-montreal-2022-en.xlsx,bcc5bc3ed583ad5810652aa9b8cbeff3a2c9ba1b8d59546b81d59f34901295ef,https://assets.cmhc-schl.gc.ca/sites/cmhc/professional/housing-markets-data-and-research/housing-data-tables/rental-market/rental-market-report-data-tables/2022/rmr-montreal-2022-en.xlsx
2022,2021,2021-10,2023-01-26,Montréal RMR,Montréal CMA,2016,total,univers_unites,612757.0,"612,757",units,,publie,1.1.3,J55,rmr-montreal-2022-en.xlsx,bcc5bc3ed583ad5810652aa9b8cbeff3a2c9ba1b8d59546b81d59f34901295ef,https://assets.cmhc-schl.gc.ca/sites/cmhc/professional/housing-markets-data-and-research/housing-data-tables/rental-market/rental-market-report-data-tables/2022/rmr-montreal-2022-en.xlsx
2022,2022,2022-10,2023-01-26,Montréal RMR,Montréal CMA,2016,total,univers_unites,621229.0,"621,229",units,,publie,1.1.3,K55,rmr-montreal-2022-en.xlsx,bcc5bc3ed583ad5810652aa9b8cbeff3a2c9ba1b8d59546b81d59f34901295ef,https://assets.cmhc-schl.gc.ca/sites/cmhc/professional/housing-markets-data-and-research/housing-data-tables/rental-market/rental-market-report-data-tables/2022/rmr-montreal-2022-en.xlsx
2022,2021,2021-10,2023-01-26,Montréal RMR,Montréal CMA,2016,2,hausse_meme_echantillon_pct,3.9,3.9,percent,b,publie,1.1.5,J55,rmr-montreal-2022-en.xlsx,bcc5bc3ed583ad5810652aa9b8cbeff3a2c9ba1b8d59546b81d59f34901295ef,https://assets.cmhc-schl.gc.ca/sites/cmhc/professional/housing-markets-data-and-research/housing-data-tables/rental-market/rental-market-report-data-tables/2022/rmr-montreal-2022-en.xlsx
2022,2022,2022-10,2023-01-26,Montréal RMR,Montréal CMA,2016,2,hausse_meme_echantillon_pct,5.4,5.4,percent,b,publie,1.1.5,L55,rmr-montreal-2022-en.xlsx,bcc5bc3ed583ad5810652aa9b8cbeff3a2c9ba1b8d59546b81d59f34901295ef,https://assets.cmhc-schl.gc.ca/sites/cmhc/professional/housing-markets-data-and-research/housing-data-tables/rental-market/rental-market-report-data-tables/2022/rmr-montreal-2022-en.xlsx
2022,2021,2021-10,2023-01-26,Montréal RMR,Montréal CMA,2016,total,hausse_meme_echantillon_pct,3.7,3.7,percent,a,publie,1.1.5,R55,rmr-montreal-2022-en.xlsx,bcc5bc3ed583ad5810652aa9b8cbeff3a2c9ba1b8d59546b81d59f34901295ef,https://assets.cmhc-schl.gc.ca/sites/cmhc/professional/housing-markets-data-and-research/housing-data-tables/rental-market/rental-market-report-data-tables/2022/rmr-montreal-2022-en.xlsx
2022,2022,2022-10,2023-01-26,Montréal RMR,Montréal CMA,2016,total,hausse_meme_echantillon_pct,5.1,5.1,percent,b,publie,1.1.5,T55,rmr-montreal-2022-en.xlsx,bcc5bc3ed583ad5810652aa9b8cbeff3a2c9ba1b8d59546b81d59f34901295ef,https://assets.cmhc-schl.gc.ca/sites/cmhc/professional/housing-markets-data-and-research/housing-data-tables/rental-market/rental-market-report-data-tables/2022/rmr-montreal-2022-en.xlsx
2022,2021,2021-10,2023-01-26,Montréal RMR,Montréal CMA,2016,2,rotation_pct,10.3,10.3,percent,c,publie,1.1.6,L55,rmr-montreal-2022-en.xlsx,bcc5bc3ed583ad5810652aa9b8cbeff3a2c9ba1b8d59546b81d59f34901295ef,https://assets.cmhc-schl.gc.ca/sites/cmhc/professional/housing-markets-data-and-research/housing-data-tables/rental-market/rental-market-report-data-tables/2022/rmr-montreal-2022-en.xlsx
2022,2022,2022-10,2023-01-26,Montréal RMR,Montréal CMA,2016,2,rotation_pct,8.9,8.9,percent,a,publie,1.1.6,N55,rmr-montreal-2022-en.xlsx,bcc5bc3ed583ad5810652aa9b8cbeff3a2c9ba1b8d59546b81d59f34901295ef,https://assets.cmhc-schl.gc.ca/sites/cmhc/professional/housing-markets-data-and-research/housing-data-tables/rental-market/rental-market-report-data-tables/2022/rmr-montreal-2022-en.xlsx
2022,2021,2021-10,2023-01-26,Montréal RMR,Montréal CMA,2016,total,rotation_pct,11.4,11.4,percent,a,publie,1.1.6,V55,rmr-montreal-2022-en.xlsx,bcc5bc3ed583ad5810652aa9b8cbeff3a2c9ba1b8d59546b81d59f34901295ef,https://assets.cmhc-schl.gc.ca/sites/cmhc/professional/housing-markets-data-and-research/housing-data-tables/rental-market/rental-market-report-data-tables/2022/rmr-montreal-2022-en.xlsx
2022,2022,2022-10,2023-01-26,Montréal RMR,Montréal CMA,2016,total,rotation_pct,10.3,10.3,percent,a,publie,1.1.6,X55,rmr-montreal-2022-en.xlsx,bcc5bc3ed583ad5810652aa9b8cbeff3a2c9ba1b8d59546b81d59f34901295ef,https://assets.cmhc-schl.gc.ca/sites/cmhc/professional/housing-markets-data-and-research/housing-data-tables/rental-market/rental-market-report-data-tables/2022/rmr-montreal-2022-en.xlsx
2022,2021,2021-10,2023-01-26,"Ottawa-Gatineau RMR, partie Ontario",Ottawa CMA,2016,2,vacance_pct,3.4,3.4,percent,c,publie,1.1.1,L26,rmr-ottawa-2022-en.xlsx,366437e12c0748c7a311a1768b7ef82ee3ecc1eddd19080d875528c6fa247fcc,https://assets.cmhc-schl.gc.ca/sites/cmhc/professional/housing-markets-data-and-research/housing-data-tables/rental-market/rental-market-report-data-tables/2022/rmr-ottawa-2022-en.xlsx
2022,2022,2022-10,2023-01-26,"Ottawa-Gatineau RMR, partie Ontario",Ottawa CMA,2016,2,vacance_pct,2.4,2.4,percent,a,publie,1.1.1,N26,rmr-ottawa-2022-en.xlsx,366437e12c0748c7a311a1768b7ef82ee3ecc1eddd19080d875528c6fa247fcc,https://assets.cmhc-schl.gc.ca/sites/cmhc/professional/housing-markets-data-and-research/housing-data-tables/rental-market/rental-market-report-data-tables/2022/rmr-ottawa-2022-en.xlsx
2022,2021,2021-10,2023-01-26,"Ottawa-Gatineau RMR, partie Ontario",Ottawa CMA,2016,total,vacance_pct,3.4,3.4,percent,b,publie,1.1.1,V26,rmr-ottawa-2022-en.xlsx,366437e12c0748c7a311a1768b7ef82ee3ecc1eddd19080d875528c6fa247fcc,https://assets.cmhc-schl.gc.ca/sites/cmhc/professional/housing-markets-data-and-research/housing-data-tables/rental-market/rental-market-report-data-tables/2022/rmr-ottawa-2022-en.xlsx
2022,2022,2022-10,2023-01-26,"Ottawa-Gatineau RMR, partie Ontario",Ottawa CMA,2016,total,vacance_pct,2.1,2.1,percent,a,publie,1.1.1,X26,rmr-ottawa-2022-en.xlsx,366437e12c0748c7a311a1768b7ef82ee3ecc1eddd19080d875528c6fa247fcc,https://assets.cmhc-schl.gc.ca/sites/cmhc/professional/housing-markets-data-and-research/housing-data-tables/rental-market/rental-market-report-data-tables/2022/rmr-ottawa-2022-en.xlsx
2022,2021,2021-10,2023-01-26,"Ottawa-Gatineau RMR, partie Ontario",Ottawa CMA,2016,2,loyer_moyen_cad,1550.0,"1,550",CAD/month,a,publie,1.1.2,J26,rmr-ottawa-2022-en.xlsx,366437e12c0748c7a311a1768b7ef82ee3ecc1eddd19080d875528c6fa247fcc,https://assets.cmhc-schl.gc.ca/sites/cmhc/professional/housing-markets-data-and-research/housing-data-tables/rental-market/rental-market-report-data-tables/2022/rmr-ottawa-2022-en.xlsx
2022,2022,2022-10,2023-01-26,"Ottawa-Gatineau RMR, partie Ontario",Ottawa CMA,2016,2,loyer_moyen_cad,1625.0,"1,625",CAD/month,a,publie,1.1.2,L26,rmr-ottawa-2022-en.xlsx,366437e12c0748c7a311a1768b7ef82ee3ecc1eddd19080d875528c6fa247fcc,https://assets.cmhc-schl.gc.ca/sites/cmhc/professional/housing-markets-data-and-research/housing-data-tables/rental-market/rental-market-report-data-tables/2022/rmr-ottawa-2022-en.xlsx
2022,2021,2021-10,2023-01-26,"Ottawa-Gatineau RMR, partie Ontario",Ottawa CMA,2016,total,loyer_moyen_cad,1402.0,"1,402",CAD/month,a,publie,1.1.2,R26,rmr-ottawa-2022-en.xlsx,366437e12c0748c7a311a1768b7ef82ee3ecc1eddd19080d875528c6fa247fcc,https://assets.cmhc-schl.gc.ca/sites/cmhc/professional/housing-markets-data-and-research/housing-data-tables/rental-market/rental-market-report-data-tables/2022/rmr-ottawa-2022-en.xlsx
2022,2022,2022-10,2023-01-26,"Ottawa-Gatineau RMR, partie Ontario",Ottawa CMA,2016,total,loyer_moyen_cad,1461.0,"1,461",CAD/month,a,publie,1.1.2,T26,rmr-ottawa-2022-en.xlsx,366437e12c0748c7a311a1768b7ef82ee3ecc1eddd19080d875528c6fa247fcc,https://assets.cmhc-schl.gc.ca/sites/cmhc/professional/housing-markets-data-and-research/housing-data-tables/rental-market/rental-market-report-data-tables/2022/rmr-ottawa-2022-en.xlsx
2022,2021,2021-10,2023-01-26,"Ottawa-Gatineau RMR, partie Ontario",Ottawa CMA,2016,2,univers_unites,27919.0,"27,919",units,,publie,1.1.3,F26,rmr-ottawa-2022-en.xlsx,366437e12c0748c7a311a1768b7ef82ee3ecc1eddd19080d875528c6fa247fcc,https://assets.cmhc-schl.gc.ca/sites/cmhc/professional/housing-markets-data-and-research/housing-data-tables/rental-market/rental-market-report-data-tables/2022/rmr-ottawa-2022-en.xlsx
2022,2022,2022-10,2023-01-26,"Ottawa-Gatineau RMR, partie Ontario",Ottawa CMA,2016,2,univers_unites,30794.0,"30,794",units,,publie,1.1.3,G26,rmr-ottawa-2022-en.xlsx,366437e12c0748c7a311a1768b7ef82ee3ecc1eddd19080d875528c6fa247fcc,https://assets.cmhc-schl.gc.ca/sites/cmhc/professional/housing-markets-data-and-research/housing-data-tables/rental-market/rental-market-report-data-tables/2022/rmr-ottawa-2022-en.xlsx
2022,2021,2021-10,2023-01-26,"Ottawa-Gatineau RMR, partie Ontario",Ottawa CMA,2016,total,univers_unites,66667.0,"66,667",units,,publie,1.1.3,J26,rmr-ottawa-2022-en.xlsx,366437e12c0748c7a311a1768b7ef82ee3ecc1eddd19080d875528c6fa247fcc,https://assets.cmhc-schl.gc.ca/sites/cmhc/professional/housing-markets-data-and-research/housing-data-tables/rental-market/rental-market-report-data-tables/2022/rmr-ottawa-2022-en.xlsx
2022,2022,2022-10,2023-01-26,"Ottawa-Gatineau RMR, partie Ontario",Ottawa CMA,2016,total,univers_unites,71062.0,"71,062",units,,publie,1.1.3,K26,rmr-ottawa-2022-en.xlsx,366437e12c0748c7a311a1768b7ef82ee3ecc1eddd19080d875528c6fa247fcc,https://assets.cmhc-schl.gc.ca/sites/cmhc/professional/housing-markets-data-and-research/housing-data-tables/rental-market/rental-market-report-data-tables/2022/rmr-ottawa-2022-en.xlsx
2022,2021,2021-10,2023-01-26,"Ottawa-Gatineau RMR, partie Ontario",Ottawa CMA,2016,2,hausse_meme_echantillon_pct,1.3,1.3,percent,a,publie,1.1.5,J26,rmr-ottawa-2022-en.xlsx,366437e12c0748c7a311a1768b7ef82ee3ecc1eddd19080d875528c6fa247fcc,https://assets.cmhc-schl.gc.ca/sites/cmhc/professional/housing-markets-data-and-research/housing-data-tables/rental-market/rental-market-report-data-tables/2022/rmr-ottawa-2022-en.xlsx
2022,2022,2022-10,2023-01-26,"Ottawa-Gatineau RMR, partie Ontario",Ottawa CMA,2016,2,hausse_meme_echantillon_pct,4.8,4.8,percent,b,publie,1.1.5,L26,rmr-ottawa-2022-en.xlsx,366437e12c0748c7a311a1768b7ef82ee3ecc1eddd19080d875528c6fa247fcc,https://assets.cmhc-schl.gc.ca/sites/cmhc/professional/housing-markets-data-and-research/housing-data-tables/rental-market/rental-market-report-data-tables/2022/rmr-ottawa-2022-en.xlsx
2022,2021,2021-10,2023-01-26,"Ottawa-Gatineau RMR, partie Ontario",Ottawa CMA,2016,total,hausse_meme_echantillon_pct,2.2,2.2,percent,a,publie,1.1.5,R26,rmr-ottawa-2022-en.xlsx,366437e12c0748c7a311a1768b7ef82ee3ecc1eddd19080d875528c6fa247fcc,https://assets.cmhc-schl.gc.ca/sites/cmhc/professional/housing-markets-data-and-research/housing-data-tables/rental-market/rental-market-report-data-tables/2022/rmr-ottawa-2022-en.xlsx
2022,2022,2022-10,2023-01-26,"Ottawa-Gatineau RMR, partie Ontario",Ottawa CMA,2016,total,hausse_meme_echantillon_pct,3.8,3.8,percent,b,publie,1.1.5,T26,rmr-ottawa-2022-en.xlsx,366437e12c0748c7a311a1768b7ef82ee3ecc1eddd19080d875528c6fa247fcc,https://assets.cmhc-schl.gc.ca/sites/cmhc/professional/housing-markets-data-and-research/housing-data-tables/rental-market/rental-market-report-data-tables/2022/rmr-ottawa-2022-en.xlsx
2022,2021,2021-10,2023-01-26,"Ottawa-Gatineau RMR, partie Ontario",Ottawa CMA,2016,2,rotation_pct,22.4,22.4,percent,a,publie,1.1.6,L26,rmr-ottawa-2022-en.xlsx,366437e12c0748c7a311a1768b7ef82ee3ecc1eddd19080d875528c6fa247fcc,https://assets.cmhc-schl.gc.ca/sites/cmhc/professional/housing-markets-data-and-research/housing-data-tables/rental-market/rental-market-report-data-tables/2022/rmr-ottawa-2022-en.xlsx
2022,2022,2022-10,2023-01-26,"Ottawa-Gatineau RMR, partie Ontario",Ottawa CMA,2016,2,rotation_pct,16.5,16.5,percent,a,publie,1.1.6,N26,rmr-ottawa-2022-en.xlsx,366437e12c0748c7a311a1768b7ef82ee3ecc1eddd19080d875528c6fa247fcc,https://assets.cmhc-schl.gc.ca/sites/cmhc/professional/housing-markets-data-and-research/housing-data-tables/rental-market/rental-market-report-data-tables/2022/rmr-ottawa-2022-en.xlsx
2022,2021,2021-10,2023-01-26,"Ottawa-Gatineau RMR, partie Ontario",Ottawa CMA,2016,total,rotation_pct,22.8,22.8,percent,a,publie,1.1.6,V26,rmr-ottawa-2022-en.xlsx,366437e12c0748c7a311a1768b7ef82ee3ecc1eddd19080d875528c6fa247fcc,https://assets.cmhc-schl.gc.ca/sites/cmhc/professional/housing-markets-data-and-research/housing-data-tables/rental-market/rental-market-report-data-tables/2022/rmr-ottawa-2022-en.xlsx
2022,2022,2022-10,2023-01-26,"Ottawa-Gatineau RMR, partie Ontario",Ottawa CMA,2016,total,rotation_pct,16.8,16.8,percent,a,publie,1.1.6,X26,rmr-ottawa-2022-en.xlsx,366437e12c0748c7a311a1768b7ef82ee3ecc1eddd19080d875528c6fa247fcc,https://assets.cmhc-schl.gc.ca/sites/cmhc/professional/housing-markets-data-and-research/housing-data-tables/rental-market/rental-market-report-data-tables/2022/rmr-ottawa-2022-en.xlsx
2023,2022,2022-10,2024-01-31,Montréal RMR,Montréal CMA,2021,2,vacance_pct,2.1,2.1,percent,c,publie,1.1.1,L55,rmr-montreal-2023-en.xlsx,211bc32b1ef62a2194b5b0dd5175daf304f0a411f6c139fa98e55d8862ad5534,https://assets.cmhc-schl.gc.ca/sites/cmhc/professional/housing-markets-data-and-research/housing-data-tables/rental-market/rental-market-report-data-tables/2023/rmr-montreal-2023-en.xlsx
2023,2023,2023-10,2024-01-31,Montréal RMR,Montréal CMA,2021,2,vacance_pct,1.7,1.7,percent,b,publie,1.1.1,N55,rmr-montreal-2023-en.xlsx,211bc32b1ef62a2194b5b0dd5175daf304f0a411f6c139fa98e55d8862ad5534,https://assets.cmhc-schl.gc.ca/sites/cmhc/professional/housing-markets-data-and-research/housing-data-tables/rental-market/rental-market-report-data-tables/2023/rmr-montreal-2023-en.xlsx
2023,2022,2022-10,2024-01-31,Montréal RMR,Montréal CMA,2021,total,vacance_pct,2.0,2.0,percent,a,publie,1.1.1,V55,rmr-montreal-2023-en.xlsx,211bc32b1ef62a2194b5b0dd5175daf304f0a411f6c139fa98e55d8862ad5534,https://assets.cmhc-schl.gc.ca/sites/cmhc/professional/housing-markets-data-and-research/housing-data-tables/rental-market/rental-market-report-data-tables/2023/rmr-montreal-2023-en.xlsx
2023,2023,2023-10,2024-01-31,Montréal RMR,Montréal CMA,2021,total,vacance_pct,1.5,1.5,percent,b,publie,1.1.1,X55,rmr-montreal-2023-en.xlsx,211bc32b1ef62a2194b5b0dd5175daf304f0a411f6c139fa98e55d8862ad5534,https://assets.cmhc-schl.gc.ca/sites/cmhc/professional/housing-markets-data-and-research/housing-data-tables/rental-market/rental-market-report-data-tables/2023/rmr-montreal-2023-en.xlsx
2023,2022,2022-10,2024-01-31,Montréal RMR,Montréal CMA,2021,2,loyer_moyen_cad,1022.0,"1,022",CAD/month,a,publie,1.1.2,J55,rmr-montreal-2023-en.xlsx,211bc32b1ef62a2194b5b0dd5175daf304f0a411f6c139fa98e55d8862ad5534,https://assets.cmhc-schl.gc.ca/sites/cmhc/professional/housing-markets-data-and-research/housing-data-tables/rental-market/rental-market-report-data-tables/2023/rmr-montreal-2023-en.xlsx
2023,2023,2023-10,2024-01-31,Montréal RMR,Montréal CMA,2021,2,loyer_moyen_cad,1096.0,"1,096",CAD/month,a,publie,1.1.2,L55,rmr-montreal-2023-en.xlsx,211bc32b1ef62a2194b5b0dd5175daf304f0a411f6c139fa98e55d8862ad5534,https://assets.cmhc-schl.gc.ca/sites/cmhc/professional/housing-markets-data-and-research/housing-data-tables/rental-market/rental-market-report-data-tables/2023/rmr-montreal-2023-en.xlsx
2023,2022,2022-10,2024-01-31,Montréal RMR,Montréal CMA,2021,total,loyer_moyen_cad,998.0,998,CAD/month,a,publie,1.1.2,R55,rmr-montreal-2023-en.xlsx,211bc32b1ef62a2194b5b0dd5175daf304f0a411f6c139fa98e55d8862ad5534,https://assets.cmhc-schl.gc.ca/sites/cmhc/professional/housing-markets-data-and-research/housing-data-tables/rental-market/rental-market-report-data-tables/2023/rmr-montreal-2023-en.xlsx
2023,2023,2023-10,2024-01-31,Montréal RMR,Montréal CMA,2021,total,loyer_moyen_cad,1074.0,"1,074",CAD/month,a,publie,1.1.2,T55,rmr-montreal-2023-en.xlsx,211bc32b1ef62a2194b5b0dd5175daf304f0a411f6c139fa98e55d8862ad5534,https://assets.cmhc-schl.gc.ca/sites/cmhc/professional/housing-markets-data-and-research/housing-data-tables/rental-market/rental-market-report-data-tables/2023/rmr-montreal-2023-en.xlsx
2023,2022,2022-10,2024-01-31,Montréal RMR,Montréal CMA,2021,2,univers_unites,343545.0,"343,545",units,,publie,1.1.3,F55,rmr-montreal-2023-en.xlsx,211bc32b1ef62a2194b5b0dd5175daf304f0a411f6c139fa98e55d8862ad5534,https://assets.cmhc-schl.gc.ca/sites/cmhc/professional/housing-markets-data-and-research/housing-data-tables/rental-market/rental-market-report-data-tables/2023/rmr-montreal-2023-en.xlsx
2023,2023,2023-10,2024-01-31,Montréal RMR,Montréal CMA,2021,2,univers_unites,348214.0,"348,214",units,,publie,1.1.3,G55,rmr-montreal-2023-en.xlsx,211bc32b1ef62a2194b5b0dd5175daf304f0a411f6c139fa98e55d8862ad5534,https://assets.cmhc-schl.gc.ca/sites/cmhc/professional/housing-markets-data-and-research/housing-data-tables/rental-market/rental-market-report-data-tables/2023/rmr-montreal-2023-en.xlsx
2023,2022,2022-10,2024-01-31,Montréal RMR,Montréal CMA,2021,total,univers_unites,621229.0,"621,229",units,,publie,1.1.3,J55,rmr-montreal-2023-en.xlsx,211bc32b1ef62a2194b5b0dd5175daf304f0a411f6c139fa98e55d8862ad5534,https://assets.cmhc-schl.gc.ca/sites/cmhc/professional/housing-markets-data-and-research/housing-data-tables/rental-market/rental-market-report-data-tables/2023/rmr-montreal-2023-en.xlsx
2023,2023,2023-10,2024-01-31,Montréal RMR,Montréal CMA,2021,total,univers_unites,632708.0,"632,708",units,,publie,1.1.3,K55,rmr-montreal-2023-en.xlsx,211bc32b1ef62a2194b5b0dd5175daf304f0a411f6c139fa98e55d8862ad5534,https://assets.cmhc-schl.gc.ca/sites/cmhc/professional/housing-markets-data-and-research/housing-data-tables/rental-market/rental-market-report-data-tables/2023/rmr-montreal-2023-en.xlsx
2023,2022,2022-10,2024-01-31,Montréal RMR,Montréal CMA,2021,2,hausse_meme_echantillon_pct,5.4,5.4,percent,b,publie,1.1.5,J55,rmr-montreal-2023-en.xlsx,211bc32b1ef62a2194b5b0dd5175daf304f0a411f6c139fa98e55d8862ad5534,https://assets.cmhc-schl.gc.ca/sites/cmhc/professional/housing-markets-data-and-research/housing-data-tables/rental-market/rental-market-report-data-tables/2023/rmr-montreal-2023-en.xlsx
2023,2023,2023-10,2024-01-31,Montréal RMR,Montréal CMA,2021,2,hausse_meme_echantillon_pct,7.9,7.9,percent,b,publie,1.1.5,L55,rmr-montreal-2023-en.xlsx,211bc32b1ef62a2194b5b0dd5175daf304f0a411f6c139fa98e55d8862ad5534,https://assets.cmhc-schl.gc.ca/sites/cmhc/professional/housing-markets-data-and-research/housing-data-tables/rental-market/rental-market-report-data-tables/2023/rmr-montreal-2023-en.xlsx
2023,2022,2022-10,2024-01-31,Montréal RMR,Montréal CMA,2021,total,hausse_meme_echantillon_pct,5.1,5.1,percent,b,publie,1.1.5,R55,rmr-montreal-2023-en.xlsx,211bc32b1ef62a2194b5b0dd5175daf304f0a411f6c139fa98e55d8862ad5534,https://assets.cmhc-schl.gc.ca/sites/cmhc/professional/housing-markets-data-and-research/housing-data-tables/rental-market/rental-market-report-data-tables/2023/rmr-montreal-2023-en.xlsx
2023,2023,2023-10,2024-01-31,Montréal RMR,Montréal CMA,2021,total,hausse_meme_echantillon_pct,7.7,7.7,percent,a,publie,1.1.5,T55,rmr-montreal-2023-en.xlsx,211bc32b1ef62a2194b5b0dd5175daf304f0a411f6c139fa98e55d8862ad5534,https://assets.cmhc-schl.gc.ca/sites/cmhc/professional/housing-markets-data-and-research/housing-data-tables/rental-market/rental-market-report-data-tables/2023/rmr-montreal-2023-en.xlsx
2023,2022,2022-10,2024-01-31,Montréal RMR,Montréal CMA,2021,2,rotation_pct,8.9,8.9,percent,a,publie,1.1.6,L55,rmr-montreal-2023-en.xlsx,211bc32b1ef62a2194b5b0dd5175daf304f0a411f6c139fa98e55d8862ad5534,https://assets.cmhc-schl.gc.ca/sites/cmhc/professional/housing-markets-data-and-research/housing-data-tables/rental-market/rental-market-report-data-tables/2023/rmr-montreal-2023-en.xlsx
2023,2023,2023-10,2024-01-31,Montréal RMR,Montréal CMA,2021,2,rotation_pct,8.5,8.5,percent,b,publie,1.1.6,N55,rmr-montreal-2023-en.xlsx,211bc32b1ef62a2194b5b0dd5175daf304f0a411f6c139fa98e55d8862ad5534,https://assets.cmhc-schl.gc.ca/sites/cmhc/professional/housing-markets-data-and-research/housing-data-tables/rental-market/rental-market-report-data-tables/2023/rmr-montreal-2023-en.xlsx
2023,2022,2022-10,2024-01-31,Montréal RMR,Montréal CMA,2021,total,rotation_pct,10.3,10.3,percent,a,publie,1.1.6,V55,rmr-montreal-2023-en.xlsx,211bc32b1ef62a2194b5b0dd5175daf304f0a411f6c139fa98e55d8862ad5534,https://assets.cmhc-schl.gc.ca/sites/cmhc/professional/housing-markets-data-and-research/housing-data-tables/rental-market/rental-market-report-data-tables/2023/rmr-montreal-2023-en.xlsx
2023,2023,2023-10,2024-01-31,Montréal RMR,Montréal CMA,2021,total,rotation_pct,9.6,9.6,percent,a,publie,1.1.6,X55,rmr-montreal-2023-en.xlsx,211bc32b1ef62a2194b5b0dd5175daf304f0a411f6c139fa98e55d8862ad5534,https://assets.cmhc-schl.gc.ca/sites/cmhc/professional/housing-markets-data-and-research/housing-data-tables/rental-market/rental-market-report-data-tables/2023/rmr-montreal-2023-en.xlsx
2023,2022,2022-10,2024-01-31,"Ottawa-Gatineau RMR, partie Ontario",Ottawa CMA,2021,2,vacance_pct,2.4,2.4,percent,a,publie,1.1.1,L28,rmr-ottawa-2023-en.xlsx,107e5d74c09928d1c9860c7b44fd88327dfda991795ee49e780dae8c78ec20cd,https://assets.cmhc-schl.gc.ca/sites/cmhc/professional/housing-markets-data-and-research/housing-data-tables/rental-market/rental-market-report-data-tables/2023/rmr-ottawa-2023-en.xlsx
2023,2023,2023-10,2024-01-31,"Ottawa-Gatineau RMR, partie Ontario",Ottawa CMA,2021,2,vacance_pct,2.3,2.3,percent,a,publie,1.1.1,N28,rmr-ottawa-2023-en.xlsx,107e5d74c09928d1c9860c7b44fd88327dfda991795ee49e780dae8c78ec20cd,https://assets.cmhc-schl.gc.ca/sites/cmhc/professional/housing-markets-data-and-research/housing-data-tables/rental-market/rental-market-report-data-tables/2023/rmr-ottawa-2023-en.xlsx
2023,2022,2022-10,2024-01-31,"Ottawa-Gatineau RMR, partie Ontario",Ottawa CMA,2021,total,vacance_pct,2.1,2.1,percent,a,publie,1.1.1,V28,rmr-ottawa-2023-en.xlsx,107e5d74c09928d1c9860c7b44fd88327dfda991795ee49e780dae8c78ec20cd,https://assets.cmhc-schl.gc.ca/sites/cmhc/professional/housing-markets-data-and-research/housing-data-tables/rental-market/rental-market-report-data-tables/2023/rmr-ottawa-2023-en.xlsx
2023,2023,2023-10,2024-01-31,"Ottawa-Gatineau RMR, partie Ontario",Ottawa CMA,2021,total,vacance_pct,2.1,2.1,percent,a,publie,1.1.1,X28,rmr-ottawa-2023-en.xlsx,107e5d74c09928d1c9860c7b44fd88327dfda991795ee49e780dae8c78ec20cd,https://assets.cmhc-schl.gc.ca/sites/cmhc/professional/housing-markets-data-and-research/housing-data-tables/rental-market/rental-market-report-data-tables/2023/rmr-ottawa-2023-en.xlsx
2023,2022,2022-10,2024-01-31,"Ottawa-Gatineau RMR, partie Ontario",Ottawa CMA,2021,2,loyer_moyen_cad,1615.0,"1,615",CAD/month,a,publie,1.1.2,J28,rmr-ottawa-2023-en.xlsx,107e5d74c09928d1c9860c7b44fd88327dfda991795ee49e780dae8c78ec20cd,https://assets.cmhc-schl.gc.ca/sites/cmhc/professional/housing-markets-data-and-research/housing-data-tables/rental-market/rental-market-report-data-tables/2023/rmr-ottawa-2023-en.xlsx
2023,2023,2023-10,2024-01-31,"Ottawa-Gatineau RMR, partie Ontario",Ottawa CMA,2021,2,loyer_moyen_cad,1698.0,"1,698",CAD/month,a,publie,1.1.2,L28,rmr-ottawa-2023-en.xlsx,107e5d74c09928d1c9860c7b44fd88327dfda991795ee49e780dae8c78ec20cd,https://assets.cmhc-schl.gc.ca/sites/cmhc/professional/housing-markets-data-and-research/housing-data-tables/rental-market/rental-market-report-data-tables/2023/rmr-ottawa-2023-en.xlsx
2023,2022,2022-10,2024-01-31,"Ottawa-Gatineau RMR, partie Ontario",Ottawa CMA,2021,total,loyer_moyen_cad,1454.0,"1,454",CAD/month,a,publie,1.1.2,R28,rmr-ottawa-2023-en.xlsx,107e5d74c09928d1c9860c7b44fd88327dfda991795ee49e780dae8c78ec20cd,https://assets.cmhc-schl.gc.ca/sites/cmhc/professional/housing-markets-data-and-research/housing-data-tables/rental-market/rental-market-report-data-tables/2023/rmr-ottawa-2023-en.xlsx
2023,2023,2023-10,2024-01-31,"Ottawa-Gatineau RMR, partie Ontario",Ottawa CMA,2021,total,loyer_moyen_cad,1538.0,"1,538",CAD/month,a,publie,1.1.2,T28,rmr-ottawa-2023-en.xlsx,107e5d74c09928d1c9860c7b44fd88327dfda991795ee49e780dae8c78ec20cd,https://assets.cmhc-schl.gc.ca/sites/cmhc/professional/housing-markets-data-and-research/housing-data-tables/rental-market/rental-market-report-data-tables/2023/rmr-ottawa-2023-en.xlsx
2023,2022,2022-10,2024-01-31,"Ottawa-Gatineau RMR, partie Ontario",Ottawa CMA,2021,2,univers_unites,31541.0,"31,541",units,,publie,1.1.3,F28,rmr-ottawa-2023-en.xlsx,107e5d74c09928d1c9860c7b44fd88327dfda991795ee49e780dae8c78ec20cd,https://assets.cmhc-schl.gc.ca/sites/cmhc/professional/housing-markets-data-and-research/housing-data-tables/rental-market/rental-market-report-data-tables/2023/rmr-ottawa-2023-en.xlsx
2023,2023,2023-10,2024-01-31,"Ottawa-Gatineau RMR, partie Ontario",Ottawa CMA,2021,2,univers_unites,30828.0,"30,828",units,,publie,1.1.3,G28,rmr-ottawa-2023-en.xlsx,107e5d74c09928d1c9860c7b44fd88327dfda991795ee49e780dae8c78ec20cd,https://assets.cmhc-schl.gc.ca/sites/cmhc/professional/housing-markets-data-and-research/housing-data-tables/rental-market/rental-market-report-data-tables/2023/rmr-ottawa-2023-en.xlsx
2023,2022,2022-10,2024-01-31,"Ottawa-Gatineau RMR, partie Ontario",Ottawa CMA,2021,total,univers_unites,72189.0,"72,189",units,,publie,1.1.3,J28,rmr-ottawa-2023-en.xlsx,107e5d74c09928d1c9860c7b44fd88327dfda991795ee49e780dae8c78ec20cd,https://assets.cmhc-schl.gc.ca/sites/cmhc/professional/housing-markets-data-and-research/housing-data-tables/rental-market/rental-market-report-data-tables/2023/rmr-ottawa-2023-en.xlsx
2023,2023,2023-10,2024-01-31,"Ottawa-Gatineau RMR, partie Ontario",Ottawa CMA,2021,total,univers_unites,72591.0,"72,591",units,,publie,1.1.3,K28,rmr-ottawa-2023-en.xlsx,107e5d74c09928d1c9860c7b44fd88327dfda991795ee49e780dae8c78ec20cd,https://assets.cmhc-schl.gc.ca/sites/cmhc/professional/housing-markets-data-and-research/housing-data-tables/rental-market/rental-market-report-data-tables/2023/rmr-ottawa-2023-en.xlsx
2023,2022,2022-10,2024-01-31,"Ottawa-Gatineau RMR, partie Ontario",Ottawa CMA,2021,2,hausse_meme_echantillon_pct,4.8,4.8,percent,b,publie,1.1.5,J28,rmr-ottawa-2023-en.xlsx,107e5d74c09928d1c9860c7b44fd88327dfda991795ee49e780dae8c78ec20cd,https://assets.cmhc-schl.gc.ca/sites/cmhc/professional/housing-markets-data-and-research/housing-data-tables/rental-market/rental-market-report-data-tables/2023/rmr-ottawa-2023-en.xlsx
2023,2023,2023-10,2024-01-31,"Ottawa-Gatineau RMR, partie Ontario",Ottawa CMA,2021,2,hausse_meme_echantillon_pct,4.0,4.0,percent,b,publie,1.1.5,L28,rmr-ottawa-2023-en.xlsx,107e5d74c09928d1c9860c7b44fd88327dfda991795ee49e780dae8c78ec20cd,https://assets.cmhc-schl.gc.ca/sites/cmhc/professional/housing-markets-data-and-research/housing-data-tables/rental-market/rental-market-report-data-tables/2023/rmr-ottawa-2023-en.xlsx
2023,2022,2022-10,2024-01-31,"Ottawa-Gatineau RMR, partie Ontario",Ottawa CMA,2021,total,hausse_meme_echantillon_pct,3.9,3.9,percent,b,publie,1.1.5,R28,rmr-ottawa-2023-en.xlsx,107e5d74c09928d1c9860c7b44fd88327dfda991795ee49e780dae8c78ec20cd,https://assets.cmhc-schl.gc.ca/sites/cmhc/professional/housing-markets-data-and-research/housing-data-tables/rental-market/rental-market-report-data-tables/2023/rmr-ottawa-2023-en.xlsx
2023,2023,2023-10,2024-01-31,"Ottawa-Gatineau RMR, partie Ontario",Ottawa CMA,2021,total,hausse_meme_echantillon_pct,4.3,4.3,percent,b,publie,1.1.5,T28,rmr-ottawa-2023-en.xlsx,107e5d74c09928d1c9860c7b44fd88327dfda991795ee49e780dae8c78ec20cd,https://assets.cmhc-schl.gc.ca/sites/cmhc/professional/housing-markets-data-and-research/housing-data-tables/rental-market/rental-market-report-data-tables/2023/rmr-ottawa-2023-en.xlsx
2023,2022,2022-10,2024-01-31,"Ottawa-Gatineau RMR, partie Ontario",Ottawa CMA,2021,2,rotation_pct,16.4,16.4,percent,a,publie,1.1.6,L28,rmr-ottawa-2023-en.xlsx,107e5d74c09928d1c9860c7b44fd88327dfda991795ee49e780dae8c78ec20cd,https://assets.cmhc-schl.gc.ca/sites/cmhc/professional/housing-markets-data-and-research/housing-data-tables/rental-market/rental-market-report-data-tables/2023/rmr-ottawa-2023-en.xlsx
2023,2023,2023-10,2024-01-31,"Ottawa-Gatineau RMR, partie Ontario",Ottawa CMA,2021,2,rotation_pct,14.3,14.3,percent,a,publie,1.1.6,N28,rmr-ottawa-2023-en.xlsx,107e5d74c09928d1c9860c7b44fd88327dfda991795ee49e780dae8c78ec20cd,https://assets.cmhc-schl.gc.ca/sites/cmhc/professional/housing-markets-data-and-research/housing-data-tables/rental-market/rental-market-report-data-tables/2023/rmr-ottawa-2023-en.xlsx
2023,2022,2022-10,2024-01-31,"Ottawa-Gatineau RMR, partie Ontario",Ottawa CMA,2021,total,rotation_pct,16.7,16.7,percent,a,publie,1.1.6,V28,rmr-ottawa-2023-en.xlsx,107e5d74c09928d1c9860c7b44fd88327dfda991795ee49e780dae8c78ec20cd,https://assets.cmhc-schl.gc.ca/sites/cmhc/professional/housing-markets-data-and-research/housing-data-tables/rental-market/rental-market-report-data-tables/2023/rmr-ottawa-2023-en.xlsx
2023,2023,2023-10,2024-01-31,"Ottawa-Gatineau RMR, partie Ontario",Ottawa CMA,2021,total,rotation_pct,16.5,16.5,percent,a,publie,1.1.6,X28,rmr-ottawa-2023-en.xlsx,107e5d74c09928d1c9860c7b44fd88327dfda991795ee49e780dae8c78ec20cd,https://assets.cmhc-schl.gc.ca/sites/cmhc/professional/housing-markets-data-and-research/housing-data-tables/rental-market/rental-market-report-data-tables/2023/rmr-ottawa-2023-en.xlsx
2024,2023,2023-10,2024-12-17,Montréal RMR,Montréal CMA,2021,2,vacance_pct,1.7,1.7,percent,b,publie,1.1.1,L55,rmr-montreal-2024-en.xlsx,a0a34798d4738d240c7ce20e8f222bf49a9908dd47960a4492610c1c2c9967c5,https://assets.cmhc-schl.gc.ca/sites/cmhc/professional/housing-markets-data-and-research/housing-data-tables/rental-market/rental-market-report-data-tables/2024/rmr-montreal-2024-en.xlsx
2024,2024,2024-10,2024-12-17,Montréal RMR,Montréal CMA,2021,2,vacance_pct,1.7,1.7,percent,b,publie,1.1.1,N55,rmr-montreal-2024-en.xlsx,a0a34798d4738d240c7ce20e8f222bf49a9908dd47960a4492610c1c2c9967c5,https://assets.cmhc-schl.gc.ca/sites/cmhc/professional/housing-markets-data-and-research/housing-data-tables/rental-market/rental-market-report-data-tables/2024/rmr-montreal-2024-en.xlsx
2024,2023,2023-10,2024-12-17,Montréal RMR,Montréal CMA,2021,total,vacance_pct,1.5,1.5,percent,b,publie,1.1.1,V55,rmr-montreal-2024-en.xlsx,a0a34798d4738d240c7ce20e8f222bf49a9908dd47960a4492610c1c2c9967c5,https://assets.cmhc-schl.gc.ca/sites/cmhc/professional/housing-markets-data-and-research/housing-data-tables/rental-market/rental-market-report-data-tables/2024/rmr-montreal-2024-en.xlsx
2024,2024,2024-10,2024-12-17,Montréal RMR,Montréal CMA,2021,total,vacance_pct,2.1,2.1,percent,b,publie,1.1.1,X55,rmr-montreal-2024-en.xlsx,a0a34798d4738d240c7ce20e8f222bf49a9908dd47960a4492610c1c2c9967c5,https://assets.cmhc-schl.gc.ca/sites/cmhc/professional/housing-markets-data-and-research/housing-data-tables/rental-market/rental-market-report-data-tables/2024/rmr-montreal-2024-en.xlsx
2024,2023,2023-10,2024-12-17,Montréal RMR,Montréal CMA,2021,2,loyer_moyen_cad,1096.0,"1,096",CAD/month,a,publie,1.1.2,J55,rmr-montreal-2024-en.xlsx,a0a34798d4738d240c7ce20e8f222bf49a9908dd47960a4492610c1c2c9967c5,https://assets.cmhc-schl.gc.ca/sites/cmhc/professional/housing-markets-data-and-research/housing-data-tables/rental-market/rental-market-report-data-tables/2024/rmr-montreal-2024-en.xlsx
2024,2024,2024-10,2024-12-17,Montréal RMR,Montréal CMA,2021,2,loyer_moyen_cad,1176.0,"1,176",CAD/month,a,publie,1.1.2,L55,rmr-montreal-2024-en.xlsx,a0a34798d4738d240c7ce20e8f222bf49a9908dd47960a4492610c1c2c9967c5,https://assets.cmhc-schl.gc.ca/sites/cmhc/professional/housing-markets-data-and-research/housing-data-tables/rental-market/rental-market-report-data-tables/2024/rmr-montreal-2024-en.xlsx
2024,2023,2023-10,2024-12-17,Montréal RMR,Montréal CMA,2021,total,loyer_moyen_cad,1074.0,"1,074",CAD/month,a,publie,1.1.2,R55,rmr-montreal-2024-en.xlsx,a0a34798d4738d240c7ce20e8f222bf49a9908dd47960a4492610c1c2c9967c5,https://assets.cmhc-schl.gc.ca/sites/cmhc/professional/housing-markets-data-and-research/housing-data-tables/rental-market/rental-market-report-data-tables/2024/rmr-montreal-2024-en.xlsx
2024,2024,2024-10,2024-12-17,Montréal RMR,Montréal CMA,2021,total,loyer_moyen_cad,1167.0,"1,167",CAD/month,a,publie,1.1.2,T55,rmr-montreal-2024-en.xlsx,a0a34798d4738d240c7ce20e8f222bf49a9908dd47960a4492610c1c2c9967c5,https://assets.cmhc-schl.gc.ca/sites/cmhc/professional/housing-markets-data-and-research/housing-data-tables/rental-market/rental-market-report-data-tables/2024/rmr-montreal-2024-en.xlsx
2024,2023,2023-10,2024-12-17,Montréal RMR,Montréal CMA,2021,2,univers_unites,348214.0,"348,214",units,,publie,1.1.3,F55,rmr-montreal-2024-en.xlsx,a0a34798d4738d240c7ce20e8f222bf49a9908dd47960a4492610c1c2c9967c5,https://assets.cmhc-schl.gc.ca/sites/cmhc/professional/housing-markets-data-and-research/housing-data-tables/rental-market/rental-market-report-data-tables/2024/rmr-montreal-2024-en.xlsx
2024,2024,2024-10,2024-12-17,Montréal RMR,Montréal CMA,2021,2,univers_unites,362449.0,"362,449",units,,publie,1.1.3,G55,rmr-montreal-2024-en.xlsx,a0a34798d4738d240c7ce20e8f222bf49a9908dd47960a4492610c1c2c9967c5,https://assets.cmhc-schl.gc.ca/sites/cmhc/professional/housing-markets-data-and-research/housing-data-tables/rental-market/rental-market-report-data-tables/2024/rmr-montreal-2024-en.xlsx
2024,2023,2023-10,2024-12-17,Montréal RMR,Montréal CMA,2021,total,univers_unites,632708.0,"632,708",units,,publie,1.1.3,J55,rmr-montreal-2024-en.xlsx,a0a34798d4738d240c7ce20e8f222bf49a9908dd47960a4492610c1c2c9967c5,https://assets.cmhc-schl.gc.ca/sites/cmhc/professional/housing-markets-data-and-research/housing-data-tables/rental-market/rental-market-report-data-tables/2024/rmr-montreal-2024-en.xlsx
2024,2024,2024-10,2024-12-17,Montréal RMR,Montréal CMA,2021,total,univers_unites,653365.0,"653,365",units,,publie,1.1.3,K55,rmr-montreal-2024-en.xlsx,a0a34798d4738d240c7ce20e8f222bf49a9908dd47960a4492610c1c2c9967c5,https://assets.cmhc-schl.gc.ca/sites/cmhc/professional/housing-markets-data-and-research/housing-data-tables/rental-market/rental-market-report-data-tables/2024/rmr-montreal-2024-en.xlsx
2024,2023,2023-10,2024-12-17,Montréal RMR,Montréal CMA,2021,2,hausse_meme_echantillon_pct,7.9,7.9,percent,b,publie,1.1.5,J55,rmr-montreal-2024-en.xlsx,a0a34798d4738d240c7ce20e8f222bf49a9908dd47960a4492610c1c2c9967c5,https://assets.cmhc-schl.gc.ca/sites/cmhc/professional/housing-markets-data-and-research/housing-data-tables/rental-market/rental-market-report-data-tables/2024/rmr-montreal-2024-en.xlsx
2024,2024,2024-10,2024-12-17,Montréal RMR,Montréal CMA,2021,2,hausse_meme_echantillon_pct,6.3,6.3,percent,b,publie,1.1.5,L55,rmr-montreal-2024-en.xlsx,a0a34798d4738d240c7ce20e8f222bf49a9908dd47960a4492610c1c2c9967c5,https://assets.cmhc-schl.gc.ca/sites/cmhc/professional/housing-markets-data-and-research/housing-data-tables/rental-market/rental-market-report-data-tables/2024/rmr-montreal-2024-en.xlsx
2024,2023,2023-10,2024-12-17,Montréal RMR,Montréal CMA,2021,total,hausse_meme_echantillon_pct,7.7,7.7,percent,a,publie,1.1.5,R55,rmr-montreal-2024-en.xlsx,a0a34798d4738d240c7ce20e8f222bf49a9908dd47960a4492610c1c2c9967c5,https://assets.cmhc-schl.gc.ca/sites/cmhc/professional/housing-markets-data-and-research/housing-data-tables/rental-market/rental-market-report-data-tables/2024/rmr-montreal-2024-en.xlsx
2024,2024,2024-10,2024-12-17,Montréal RMR,Montréal CMA,2021,total,hausse_meme_echantillon_pct,6.4,6.4,percent,a,publie,1.1.5,T55,rmr-montreal-2024-en.xlsx,a0a34798d4738d240c7ce20e8f222bf49a9908dd47960a4492610c1c2c9967c5,https://assets.cmhc-schl.gc.ca/sites/cmhc/professional/housing-markets-data-and-research/housing-data-tables/rental-market/rental-market-report-data-tables/2024/rmr-montreal-2024-en.xlsx
2024,2023,2023-10,2024-12-17,Montréal RMR,Montréal CMA,2021,2,rotation_pct,8.5,8.5,percent,b,publie,1.1.6,L55,rmr-montreal-2024-en.xlsx,a0a34798d4738d240c7ce20e8f222bf49a9908dd47960a4492610c1c2c9967c5,https://assets.cmhc-schl.gc.ca/sites/cmhc/professional/housing-markets-data-and-research/housing-data-tables/rental-market/rental-market-report-data-tables/2024/rmr-montreal-2024-en.xlsx
2024,2024,2024-10,2024-12-17,Montréal RMR,Montréal CMA,2021,2,rotation_pct,10.4,10.4,percent,c,publie,1.1.6,N55,rmr-montreal-2024-en.xlsx,a0a34798d4738d240c7ce20e8f222bf49a9908dd47960a4492610c1c2c9967c5,https://assets.cmhc-schl.gc.ca/sites/cmhc/professional/housing-markets-data-and-research/housing-data-tables/rental-market/rental-market-report-data-tables/2024/rmr-montreal-2024-en.xlsx
2024,2023,2023-10,2024-12-17,Montréal RMR,Montréal CMA,2021,total,rotation_pct,9.6,9.6,percent,a,publie,1.1.6,V55,rmr-montreal-2024-en.xlsx,a0a34798d4738d240c7ce20e8f222bf49a9908dd47960a4492610c1c2c9967c5,https://assets.cmhc-schl.gc.ca/sites/cmhc/professional/housing-markets-data-and-research/housing-data-tables/rental-market/rental-market-report-data-tables/2024/rmr-montreal-2024-en.xlsx
2024,2024,2024-10,2024-12-17,Montréal RMR,Montréal CMA,2021,total,rotation_pct,11.1,11.1,percent,a,publie,1.1.6,X55,rmr-montreal-2024-en.xlsx,a0a34798d4738d240c7ce20e8f222bf49a9908dd47960a4492610c1c2c9967c5,https://assets.cmhc-schl.gc.ca/sites/cmhc/professional/housing-markets-data-and-research/housing-data-tables/rental-market/rental-market-report-data-tables/2024/rmr-montreal-2024-en.xlsx
2024,2023,2023-10,2024-12-17,"Ottawa-Gatineau RMR, partie Ontario",Ottawa CMA,2021,2,vacance_pct,2.3,2.3,percent,a,publie,1.1.1,L29,rmr-ottawa-2024-en.xlsx,61fac09db0389ddc3e0be29d91d115d30fb2ffc7fd25f4cd6a3d6fde0447ec17,https://assets.cmhc-schl.gc.ca/sites/cmhc/professional/housing-markets-data-and-research/housing-data-tables/rental-market/rental-market-report-data-tables/2024/rmr-ottawa-2024-en.xlsx
2024,2024,2024-10,2024-12-17,"Ottawa-Gatineau RMR, partie Ontario",Ottawa CMA,2021,2,vacance_pct,2.9,2.9,percent,a,publie,1.1.1,N29,rmr-ottawa-2024-en.xlsx,61fac09db0389ddc3e0be29d91d115d30fb2ffc7fd25f4cd6a3d6fde0447ec17,https://assets.cmhc-schl.gc.ca/sites/cmhc/professional/housing-markets-data-and-research/housing-data-tables/rental-market/rental-market-report-data-tables/2024/rmr-ottawa-2024-en.xlsx
2024,2023,2023-10,2024-12-17,"Ottawa-Gatineau RMR, partie Ontario",Ottawa CMA,2021,total,vacance_pct,2.1,2.1,percent,a,publie,1.1.1,V29,rmr-ottawa-2024-en.xlsx,61fac09db0389ddc3e0be29d91d115d30fb2ffc7fd25f4cd6a3d6fde0447ec17,https://assets.cmhc-schl.gc.ca/sites/cmhc/professional/housing-markets-data-and-research/housing-data-tables/rental-market/rental-market-report-data-tables/2024/rmr-ottawa-2024-en.xlsx
2024,2024,2024-10,2024-12-17,"Ottawa-Gatineau RMR, partie Ontario",Ottawa CMA,2021,total,vacance_pct,2.6,2.6,percent,a,publie,1.1.1,X29,rmr-ottawa-2024-en.xlsx,61fac09db0389ddc3e0be29d91d115d30fb2ffc7fd25f4cd6a3d6fde0447ec17,https://assets.cmhc-schl.gc.ca/sites/cmhc/professional/housing-markets-data-and-research/housing-data-tables/rental-market/rental-market-report-data-tables/2024/rmr-ottawa-2024-en.xlsx
2024,2023,2023-10,2024-12-17,"Ottawa-Gatineau RMR, partie Ontario",Ottawa CMA,2021,2,loyer_moyen_cad,1698.0,"1,698",CAD/month,a,publie,1.1.2,J29,rmr-ottawa-2024-en.xlsx,61fac09db0389ddc3e0be29d91d115d30fb2ffc7fd25f4cd6a3d6fde0447ec17,https://assets.cmhc-schl.gc.ca/sites/cmhc/professional/housing-markets-data-and-research/housing-data-tables/rental-market/rental-market-report-data-tables/2024/rmr-ottawa-2024-en.xlsx
2024,2024,2024-10,2024-12-17,"Ottawa-Gatineau RMR, partie Ontario",Ottawa CMA,2021,2,loyer_moyen_cad,1880.0,"1,880",CAD/month,a,publie,1.1.2,L29,rmr-ottawa-2024-en.xlsx,61fac09db0389ddc3e0be29d91d115d30fb2ffc7fd25f4cd6a3d6fde0447ec17,https://assets.cmhc-schl.gc.ca/sites/cmhc/professional/housing-markets-data-and-research/housing-data-tables/rental-market/rental-market-report-data-tables/2024/rmr-ottawa-2024-en.xlsx
2024,2023,2023-10,2024-12-17,"Ottawa-Gatineau RMR, partie Ontario",Ottawa CMA,2021,total,loyer_moyen_cad,1538.0,"1,538",CAD/month,a,publie,1.1.2,R29,rmr-ottawa-2024-en.xlsx,61fac09db0389ddc3e0be29d91d115d30fb2ffc7fd25f4cd6a3d6fde0447ec17,https://assets.cmhc-schl.gc.ca/sites/cmhc/professional/housing-markets-data-and-research/housing-data-tables/rental-market/rental-market-report-data-tables/2024/rmr-ottawa-2024-en.xlsx
2024,2024,2024-10,2024-12-17,"Ottawa-Gatineau RMR, partie Ontario",Ottawa CMA,2021,total,loyer_moyen_cad,1673.0,"1,673",CAD/month,a,publie,1.1.2,T29,rmr-ottawa-2024-en.xlsx,61fac09db0389ddc3e0be29d91d115d30fb2ffc7fd25f4cd6a3d6fde0447ec17,https://assets.cmhc-schl.gc.ca/sites/cmhc/professional/housing-markets-data-and-research/housing-data-tables/rental-market/rental-market-report-data-tables/2024/rmr-ottawa-2024-en.xlsx
2024,2023,2023-10,2024-12-17,"Ottawa-Gatineau RMR, partie Ontario",Ottawa CMA,2021,2,univers_unites,30828.0,"30,828",units,,publie,1.1.3,F29,rmr-ottawa-2024-en.xlsx,61fac09db0389ddc3e0be29d91d115d30fb2ffc7fd25f4cd6a3d6fde0447ec17,https://assets.cmhc-schl.gc.ca/sites/cmhc/professional/housing-markets-data-and-research/housing-data-tables/rental-market/rental-market-report-data-tables/2024/rmr-ottawa-2024-en.xlsx
2024,2024,2024-10,2024-12-17,"Ottawa-Gatineau RMR, partie Ontario",Ottawa CMA,2021,2,univers_unites,35136.0,"35,136",units,,publie,1.1.3,G29,rmr-ottawa-2024-en.xlsx,61fac09db0389ddc3e0be29d91d115d30fb2ffc7fd25f4cd6a3d6fde0447ec17,https://assets.cmhc-schl.gc.ca/sites/cmhc/professional/housing-markets-data-and-research/housing-data-tables/rental-market/rental-market-report-data-tables/2024/rmr-ottawa-2024-en.xlsx
2024,2023,2023-10,2024-12-17,"Ottawa-Gatineau RMR, partie Ontario",Ottawa CMA,2021,total,univers_unites,72591.0,"72,591",units,,publie,1.1.3,J29,rmr-ottawa-2024-en.xlsx,61fac09db0389ddc3e0be29d91d115d30fb2ffc7fd25f4cd6a3d6fde0447ec17,https://assets.cmhc-schl.gc.ca/sites/cmhc/professional/housing-markets-data-and-research/housing-data-tables/rental-market/rental-market-report-data-tables/2024/rmr-ottawa-2024-en.xlsx
2024,2024,2024-10,2024-12-17,"Ottawa-Gatineau RMR, partie Ontario",Ottawa CMA,2021,total,univers_unites,78463.0,"78,463",units,,publie,1.1.3,K29,rmr-ottawa-2024-en.xlsx,61fac09db0389ddc3e0be29d91d115d30fb2ffc7fd25f4cd6a3d6fde0447ec17,https://assets.cmhc-schl.gc.ca/sites/cmhc/professional/housing-markets-data-and-research/housing-data-tables/rental-market/rental-market-report-data-tables/2024/rmr-ottawa-2024-en.xlsx
2024,2023,2023-10,2024-12-17,"Ottawa-Gatineau RMR, partie Ontario",Ottawa CMA,2021,2,hausse_meme_echantillon_pct,4.0,4.0,percent,b,publie,1.1.5,J29,rmr-ottawa-2024-en.xlsx,61fac09db0389ddc3e0be29d91d115d30fb2ffc7fd25f4cd6a3d6fde0447ec17,https://assets.cmhc-schl.gc.ca/sites/cmhc/professional/housing-markets-data-and-research/housing-data-tables/rental-market/rental-market-report-data-tables/2024/rmr-ottawa-2024-en.xlsx
2024,2024,2024-10,2024-12-17,"Ottawa-Gatineau RMR, partie Ontario",Ottawa CMA,2021,2,hausse_meme_echantillon_pct,5.0,5.0,percent,b,publie,1.1.5,L29,rmr-ottawa-2024-en.xlsx,61fac09db0389ddc3e0be29d91d115d30fb2ffc7fd25f4cd6a3d6fde0447ec17,https://assets.cmhc-schl.gc.ca/sites/cmhc/professional/housing-markets-data-and-research/housing-data-tables/rental-market/rental-market-report-data-tables/2024/rmr-ottawa-2024-en.xlsx
2024,2023,2023-10,2024-12-17,"Ottawa-Gatineau RMR, partie Ontario",Ottawa CMA,2021,total,hausse_meme_echantillon_pct,4.3,4.3,percent,b,publie,1.1.5,R29,rmr-ottawa-2024-en.xlsx,61fac09db0389ddc3e0be29d91d115d30fb2ffc7fd25f4cd6a3d6fde0447ec17,https://assets.cmhc-schl.gc.ca/sites/cmhc/professional/housing-markets-data-and-research/housing-data-tables/rental-market/rental-market-report-data-tables/2024/rmr-ottawa-2024-en.xlsx
2024,2024,2024-10,2024-12-17,"Ottawa-Gatineau RMR, partie Ontario",Ottawa CMA,2021,total,hausse_meme_echantillon_pct,5.2,5.2,percent,a,publie,1.1.5,T29,rmr-ottawa-2024-en.xlsx,61fac09db0389ddc3e0be29d91d115d30fb2ffc7fd25f4cd6a3d6fde0447ec17,https://assets.cmhc-schl.gc.ca/sites/cmhc/professional/housing-markets-data-and-research/housing-data-tables/rental-market/rental-market-report-data-tables/2024/rmr-ottawa-2024-en.xlsx
2024,2023,2023-10,2024-12-17,"Ottawa-Gatineau RMR, partie Ontario",Ottawa CMA,2021,2,rotation_pct,14.3,14.3,percent,a,publie,1.1.6,L29,rmr-ottawa-2024-en.xlsx,61fac09db0389ddc3e0be29d91d115d30fb2ffc7fd25f4cd6a3d6fde0447ec17,https://assets.cmhc-schl.gc.ca/sites/cmhc/professional/housing-markets-data-and-research/housing-data-tables/rental-market/rental-market-report-data-tables/2024/rmr-ottawa-2024-en.xlsx
2024,2024,2024-10,2024-12-17,"Ottawa-Gatineau RMR, partie Ontario",Ottawa CMA,2021,2,rotation_pct,13.4,13.4,percent,a,publie,1.1.6,N29,rmr-ottawa-2024-en.xlsx,61fac09db0389ddc3e0be29d91d115d30fb2ffc7fd25f4cd6a3d6fde0447ec17,https://assets.cmhc-schl.gc.ca/sites/cmhc/professional/housing-markets-data-and-research/housing-data-tables/rental-market/rental-market-report-data-tables/2024/rmr-ottawa-2024-en.xlsx
2024,2023,2023-10,2024-12-17,"Ottawa-Gatineau RMR, partie Ontario",Ottawa CMA,2021,total,rotation_pct,16.5,16.5,percent,a,publie,1.1.6,V29,rmr-ottawa-2024-en.xlsx,61fac09db0389ddc3e0be29d91d115d30fb2ffc7fd25f4cd6a3d6fde0447ec17,https://assets.cmhc-schl.gc.ca/sites/cmhc/professional/housing-markets-data-and-research/housing-data-tables/rental-market/rental-market-report-data-tables/2024/rmr-ottawa-2024-en.xlsx
2024,2024,2024-10,2024-12-17,"Ottawa-Gatineau RMR, partie Ontario",Ottawa CMA,2021,total,rotation_pct,14.5,14.5,percent,a,publie,1.1.6,X29,rmr-ottawa-2024-en.xlsx,61fac09db0389ddc3e0be29d91d115d30fb2ffc7fd25f4cd6a3d6fde0447ec17,https://assets.cmhc-schl.gc.ca/sites/cmhc/professional/housing-markets-data-and-research/housing-data-tables/rental-market/rental-market-report-data-tables/2024/rmr-ottawa-2024-en.xlsx
