geography,reference_period,reference_period_precision,metric,dimension,intended_market,value,unit,publication_date,vintage,pdf_page,figure,eligible_usage,source_url
Montreal CMA,2015,annual_labels_midyear_2025_exact_historical_month_unspecified,units_under_construction,Island of Montreal,purpose_built_rental,2000,dwelling_units,2025-09-09,Fall 2025,31,8,descriptive_context_2026_only,https://assets.cmhc-schl.gc.ca/sites/cmhc/professional/housing-markets-data-and-research/market-reports/housing-supply-report/2025/housing-supply-report-2025-fall-en.pdf?rev=e2bdcf1d-e5d4-4310-a80c-b543872dcbbb
Montreal CMA,2015,annual_labels_midyear_2025_exact_historical_month_unspecified,units_under_construction,Laval,purpose_built_rental,473,dwelling_units,2025-09-09,Fall 2025,31,8,descriptive_context_2026_only,https://assets.cmhc-schl.gc.ca/sites/cmhc/professional/housing-markets-data-and-research/market-reports/housing-supply-report/2025/housing-supply-report-2025-fall-en.pdf?rev=e2bdcf1d-e5d4-4310-a80c-b543872dcbbb
Montreal CMA,2015,annual_labels_midyear_2025_exact_historical_month_unspecified,units_under_construction,South Shore including Vaudreuil-Soulanges,purpose_built_rental,837,dwelling_units,2025-09-09,Fall 2025,31,8,descriptive_context_2026_only,https://assets.cmhc-schl.gc.ca/sites/cmhc/professional/housing-markets-data-and-research/market-reports/housing-supply-report/2025/housing-supply-report-2025-fall-en.pdf?rev=e2bdcf1d-e5d4-4310-a80c-b543872dcbbb
Montreal CMA,2015,annual_labels_midyear_2025_exact_historical_month_unspecified,units_under_construction,North Shore,purpose_built_rental,712,dwelling_units,2025-09-09,Fall 2025,31,8,descriptive_context_2026_only,https://assets.cmhc-schl.gc.ca/sites/cmhc/professional/housing-markets-data-and-research/market-reports/housing-supply-report/2025/housing-supply-report-2025-fall-en.pdf?rev=e2bdcf1d-e5d4-4310-a80c-b543872dcbbb
Montreal CMA,2016,annual_labels_midyear_2025_exact_historical_month_unspecified,units_under_construction,Island of Montreal,purpose_built_rental,2491,dwelling_units,2025-09-09,Fall 2025,31,8,descriptive_context_2026_only,https://assets.cmhc-schl.gc.ca/sites/cmhc/professional/housing-markets-data-and-research/market-reports/housing-supply-report/2025/housing-supply-report-2025-fall-en.pdf?rev=e2bdcf1d-e5d4-4310-a80c-b543872dcbbb
Montreal CMA,2016,annual_labels_midyear_2025_exact_historical_month_unspecified,units_under_construction,Laval,purpose_built_rental,509,dwelling_units,2025-09-09,Fall 2025,31,8,descriptive_context_2026_only,https://assets.cmhc-schl.gc.ca/sites/cmhc/professional/housing-markets-data-and-research/market-reports/housing-supply-report/2025/housing-supply-report-2025-fall-en.pdf?rev=e2bdcf1d-e5d4-4310-a80c-b543872dcbbb
Montreal CMA,2016,annual_labels_midyear_2025_exact_historical_month_unspecified,units_under_construction,South Shore including Vaudreuil-Soulanges,purpose_built_rental,1195,dwelling_units,2025-09-09,Fall 2025,31,8,descriptive_context_2026_only,https://assets.cmhc-schl.gc.ca/sites/cmhc/professional/housing-markets-data-and-research/market-reports/housing-supply-report/2025/housing-supply-report-2025-fall-en.pdf?rev=e2bdcf1d-e5d4-4310-a80c-b543872dcbbb
Montreal CMA,2016,annual_labels_midyear_2025_exact_historical_month_unspecified,units_under_construction,North Shore,purpose_built_rental,565,dwelling_units,2025-09-09,Fall 2025,31,8,descriptive_context_2026_only,https://assets.cmhc-schl.gc.ca/sites/cmhc/professional/housing-markets-data-and-research/market-reports/housing-supply-report/2025/housing-supply-report-2025-fall-en.pdf?rev=e2bdcf1d-e5d4-4310-a80c-b543872dcbbb
Montreal CMA,2017,annual_labels_midyear_2025_exact_historical_month_unspecified,units_under_construction,Island of Montreal,purpose_built_rental,4236,dwelling_units,2025-09-09,Fall 2025,31,8,descriptive_context_2026_only,https://assets.cmhc-schl.gc.ca/sites/cmhc/professional/housing-markets-data-and-research/market-reports/housing-supply-report/2025/housing-supply-report-2025-fall-en.pdf?rev=e2bdcf1d-e5d4-4310-a80c-b543872dcbbb
Montreal CMA,2017,annual_labels_midyear_2025_exact_historical_month_unspecified,units_under_construction,Laval,purpose_built_rental,227,dwelling_units,2025-09-09,Fall 2025,31,8,descriptive_context_2026_only,https://assets.cmhc-schl.gc.ca/sites/cmhc/professional/housing-markets-data-and-research/market-reports/housing-supply-report/2025/housing-supply-report-2025-fall-en.pdf?rev=e2bdcf1d-e5d4-4310-a80c-b543872dcbbb
Montreal CMA,2017,annual_labels_midyear_2025_exact_historical_month_unspecified,units_under_construction,South Shore including Vaudreuil-Soulanges,purpose_built_rental,1185,dwelling_units,2025-09-09,Fall 2025,31,8,descriptive_context_2026_only,https://assets.cmhc-schl.gc.ca/sites/cmhc/professional/housing-markets-data-and-research/market-reports/housing-supply-report/2025/housing-supply-report-2025-fall-en.pdf?rev=e2bdcf1d-e5d4-4310-a80c-b543872dcbbb
Montreal CMA,2017,annual_labels_midyear_2025_exact_historical_month_unspecified,units_under_construction,North Shore,purpose_built_rental,1053,dwelling_units,2025-09-09,Fall 2025,31,8,descriptive_context_2026_only,https://assets.cmhc-schl.gc.ca/sites/cmhc/professional/housing-markets-data-and-research/market-reports/housing-supply-report/2025/housing-supply-report-2025-fall-en.pdf?rev=e2bdcf1d-e5d4-4310-a80c-b543872dcbbb
Montreal CMA,2018,annual_labels_midyear_2025_exact_historical_month_unspecified,units_under_construction,Island of Montreal,purpose_built_rental,4555,dwelling_units,2025-09-09,Fall 2025,31,8,descriptive_context_2026_only,https://assets.cmhc-schl.gc.ca/sites/cmhc/professional/housing-markets-data-and-research/market-reports/housing-supply-report/2025/housing-supply-report-2025-fall-en.pdf?rev=e2bdcf1d-e5d4-4310-a80c-b543872dcbbb
Montreal CMA,2018,annual_labels_midyear_2025_exact_historical_month_unspecified,units_under_construction,Laval,purpose_built_rental,1248,dwelling_units,2025-09-09,Fall 2025,31,8,descriptive_context_2026_only,https://assets.cmhc-schl.gc.ca/sites/cmhc/professional/housing-markets-data-and-research/market-reports/housing-supply-report/2025/housing-supply-report-2025-fall-en.pdf?rev=e2bdcf1d-e5d4-4310-a80c-b543872dcbbb
Montreal CMA,2018,annual_labels_midyear_2025_exact_historical_month_unspecified,units_under_construction,South Shore including Vaudreuil-Soulanges,purpose_built_rental,3315,dwelling_units,2025-09-09,Fall 2025,31,8,descriptive_context_2026_only,https://assets.cmhc-schl.gc.ca/sites/cmhc/professional/housing-markets-data-and-research/market-reports/housing-supply-report/2025/housing-supply-report-2025-fall-en.pdf?rev=e2bdcf1d-e5d4-4310-a80c-b543872dcbbb
Montreal CMA,2018,annual_labels_midyear_2025_exact_historical_month_unspecified,units_under_construction,North Shore,purpose_built_rental,1953,dwelling_units,2025-09-09,Fall 2025,31,8,descriptive_context_2026_only,https://assets.cmhc-schl.gc.ca/sites/cmhc/professional/housing-markets-data-and-research/market-reports/housing-supply-report/2025/housing-supply-report-2025-fall-en.pdf?rev=e2bdcf1d-e5d4-4310-a80c-b543872dcbbb
Montreal CMA,2019,annual_labels_midyear_2025_exact_historical_month_unspecified,units_under_construction,Island of Montreal,purpose_built_rental,5316,dwelling_units,2025-09-09,Fall 2025,31,8,descriptive_context_2026_only,https://assets.cmhc-schl.gc.ca/sites/cmhc/professional/housing-markets-data-and-research/market-reports/housing-supply-report/2025/housing-supply-report-2025-fall-en.pdf?rev=e2bdcf1d-e5d4-4310-a80c-b543872dcbbb
Montreal CMA,2019,annual_labels_midyear_2025_exact_historical_month_unspecified,units_under_construction,Laval,purpose_built_rental,1286,dwelling_units,2025-09-09,Fall 2025,31,8,descriptive_context_2026_only,https://assets.cmhc-schl.gc.ca/sites/cmhc/professional/housing-markets-data-and-research/market-reports/housing-supply-report/2025/housing-supply-report-2025-fall-en.pdf?rev=e2bdcf1d-e5d4-4310-a80c-b543872dcbbb
Montreal CMA,2019,annual_labels_midyear_2025_exact_historical_month_unspecified,units_under_construction,South Shore including Vaudreuil-Soulanges,purpose_built_rental,3504,dwelling_units,2025-09-09,Fall 2025,31,8,descriptive_context_2026_only,https://assets.cmhc-schl.gc.ca/sites/cmhc/professional/housing-markets-data-and-research/market-reports/housing-supply-report/2025/housing-supply-report-2025-fall-en.pdf?rev=e2bdcf1d-e5d4-4310-a80c-b543872dcbbb
Montreal CMA,2019,annual_labels_midyear_2025_exact_historical_month_unspecified,units_under_construction,North Shore,purpose_built_rental,2358,dwelling_units,2025-09-09,Fall 2025,31,8,descriptive_context_2026_only,https://assets.cmhc-schl.gc.ca/sites/cmhc/professional/housing-markets-data-and-research/market-reports/housing-supply-report/2025/housing-supply-report-2025-fall-en.pdf?rev=e2bdcf1d-e5d4-4310-a80c-b543872dcbbb
Montreal CMA,2020,annual_labels_midyear_2025_exact_historical_month_unspecified,units_under_construction,Island of Montreal,purpose_built_rental,6569,dwelling_units,2025-09-09,Fall 2025,31,8,descriptive_context_2026_only,https://assets.cmhc-schl.gc.ca/sites/cmhc/professional/housing-markets-data-and-research/market-reports/housing-supply-report/2025/housing-supply-report-2025-fall-en.pdf?rev=e2bdcf1d-e5d4-4310-a80c-b543872dcbbb
Montreal CMA,2020,annual_labels_midyear_2025_exact_historical_month_unspecified,units_under_construction,Laval,purpose_built_rental,2477,dwelling_units,2025-09-09,Fall 2025,31,8,descriptive_context_2026_only,https://assets.cmhc-schl.gc.ca/sites/cmhc/professional/housing-markets-data-and-research/market-reports/housing-supply-report/2025/housing-supply-report-2025-fall-en.pdf?rev=e2bdcf1d-e5d4-4310-a80c-b543872dcbbb
Montreal CMA,2020,annual_labels_midyear_2025_exact_historical_month_unspecified,units_under_construction,South Shore including Vaudreuil-Soulanges,purpose_built_rental,4395,dwelling_units,2025-09-09,Fall 2025,31,8,descriptive_context_2026_only,https://assets.cmhc-schl.gc.ca/sites/cmhc/professional/housing-markets-data-and-research/market-reports/housing-supply-report/2025/housing-supply-report-2025-fall-en.pdf?rev=e2bdcf1d-e5d4-4310-a80c-b543872dcbbb
Montreal CMA,2020,annual_labels_midyear_2025_exact_historical_month_unspecified,units_under_construction,North Shore,purpose_built_rental,2918,dwelling_units,2025-09-09,Fall 2025,31,8,descriptive_context_2026_only,https://assets.cmhc-schl.gc.ca/sites/cmhc/professional/housing-markets-data-and-research/market-reports/housing-supply-report/2025/housing-supply-report-2025-fall-en.pdf?rev=e2bdcf1d-e5d4-4310-a80c-b543872dcbbb
Montreal CMA,2021,annual_labels_midyear_2025_exact_historical_month_unspecified,units_under_construction,Island of Montreal,purpose_built_rental,11058,dwelling_units,2025-09-09,Fall 2025,31,8,descriptive_context_2026_only,https://assets.cmhc-schl.gc.ca/sites/cmhc/professional/housing-markets-data-and-research/market-reports/housing-supply-report/2025/housing-supply-report-2025-fall-en.pdf?rev=e2bdcf1d-e5d4-4310-a80c-b543872dcbbb
Montreal CMA,2021,annual_labels_midyear_2025_exact_historical_month_unspecified,units_under_construction,Laval,purpose_built_rental,3072,dwelling_units,2025-09-09,Fall 2025,31,8,descriptive_context_2026_only,https://assets.cmhc-schl.gc.ca/sites/cmhc/professional/housing-markets-data-and-research/market-reports/housing-supply-report/2025/housing-supply-report-2025-fall-en.pdf?rev=e2bdcf1d-e5d4-4310-a80c-b543872dcbbb
Montreal CMA,2021,annual_labels_midyear_2025_exact_historical_month_unspecified,units_under_construction,South Shore including Vaudreuil-Soulanges,purpose_built_rental,4249,dwelling_units,2025-09-09,Fall 2025,31,8,descriptive_context_2026_only,https://assets.cmhc-schl.gc.ca/sites/cmhc/professional/housing-markets-data-and-research/market-reports/housing-supply-report/2025/housing-supply-report-2025-fall-en.pdf?rev=e2bdcf1d-e5d4-4310-a80c-b543872dcbbb
Montreal CMA,2021,annual_labels_midyear_2025_exact_historical_month_unspecified,units_under_construction,North Shore,purpose_built_rental,4397,dwelling_units,2025-09-09,Fall 2025,31,8,descriptive_context_2026_only,https://assets.cmhc-schl.gc.ca/sites/cmhc/professional/housing-markets-data-and-research/market-reports/housing-supply-report/2025/housing-supply-report-2025-fall-en.pdf?rev=e2bdcf1d-e5d4-4310-a80c-b543872dcbbb
Montreal CMA,2022,annual_labels_midyear_2025_exact_historical_month_unspecified,units_under_construction,Island of Montreal,purpose_built_rental,11537,dwelling_units,2025-09-09,Fall 2025,31,8,descriptive_context_2026_only,https://assets.cmhc-schl.gc.ca/sites/cmhc/professional/housing-markets-data-and-research/market-reports/housing-supply-report/2025/housing-supply-report-2025-fall-en.pdf?rev=e2bdcf1d-e5d4-4310-a80c-b543872dcbbb
Montreal CMA,2022,annual_labels_midyear_2025_exact_historical_month_unspecified,units_under_construction,Laval,purpose_built_rental,2497,dwelling_units,2025-09-09,Fall 2025,31,8,descriptive_context_2026_only,https://assets.cmhc-schl.gc.ca/sites/cmhc/professional/housing-markets-data-and-research/market-reports/housing-supply-report/2025/housing-supply-report-2025-fall-en.pdf?rev=e2bdcf1d-e5d4-4310-a80c-b543872dcbbb
Montreal CMA,2022,annual_labels_midyear_2025_exact_historical_month_unspecified,units_under_construction,South Shore including Vaudreuil-Soulanges,purpose_built_rental,3832,dwelling_units,2025-09-09,Fall 2025,31,8,descriptive_context_2026_only,https://assets.cmhc-schl.gc.ca/sites/cmhc/professional/housing-markets-data-and-research/market-reports/housing-supply-report/2025/housing-supply-report-2025-fall-en.pdf?rev=e2bdcf1d-e5d4-4310-a80c-b543872dcbbb
Montreal CMA,2022,annual_labels_midyear_2025_exact_historical_month_unspecified,units_under_construction,North Shore,purpose_built_rental,3844,dwelling_units,2025-09-09,Fall 2025,31,8,descriptive_context_2026_only,https://assets.cmhc-schl.gc.ca/sites/cmhc/professional/housing-markets-data-and-research/market-reports/housing-supply-report/2025/housing-supply-report-2025-fall-en.pdf?rev=e2bdcf1d-e5d4-4310-a80c-b543872dcbbb
Montreal CMA,2023,annual_labels_midyear_2025_exact_historical_month_unspecified,units_under_construction,Island of Montreal,purpose_built_rental,10374,dwelling_units,2025-09-09,Fall 2025,31,8,descriptive_context_2026_only,https://assets.cmhc-schl.gc.ca/sites/cmhc/professional/housing-markets-data-and-research/market-reports/housing-supply-report/2025/housing-supply-report-2025-fall-en.pdf?rev=e2bdcf1d-e5d4-4310-a80c-b543872dcbbb
Montreal CMA,2023,annual_labels_midyear_2025_exact_historical_month_unspecified,units_under_construction,Laval,purpose_built_rental,1494,dwelling_units,2025-09-09,Fall 2025,31,8,descriptive_context_2026_only,https://assets.cmhc-schl.gc.ca/sites/cmhc/professional/housing-markets-data-and-research/market-reports/housing-supply-report/2025/housing-supply-report-2025-fall-en.pdf?rev=e2bdcf1d-e5d4-4310-a80c-b543872dcbbb
Montreal CMA,2023,annual_labels_midyear_2025_exact_historical_month_unspecified,units_under_construction,South Shore including Vaudreuil-Soulanges,purpose_built_rental,2539,dwelling_units,2025-09-09,Fall 2025,31,8,descriptive_context_2026_only,https://assets.cmhc-schl.gc.ca/sites/cmhc/professional/housing-markets-data-and-research/market-reports/housing-supply-report/2025/housing-supply-report-2025-fall-en.pdf?rev=e2bdcf1d-e5d4-4310-a80c-b543872dcbbb
Montreal CMA,2023,annual_labels_midyear_2025_exact_historical_month_unspecified,units_under_construction,North Shore,purpose_built_rental,3505,dwelling_units,2025-09-09,Fall 2025,31,8,descriptive_context_2026_only,https://assets.cmhc-schl.gc.ca/sites/cmhc/professional/housing-markets-data-and-research/market-reports/housing-supply-report/2025/housing-supply-report-2025-fall-en.pdf?rev=e2bdcf1d-e5d4-4310-a80c-b543872dcbbb
Montreal CMA,2024,annual_labels_midyear_2025_exact_historical_month_unspecified,units_under_construction,Island of Montreal,purpose_built_rental,10813,dwelling_units,2025-09-09,Fall 2025,31,8,descriptive_context_2026_only,https://assets.cmhc-schl.gc.ca/sites/cmhc/professional/housing-markets-data-and-research/market-reports/housing-supply-report/2025/housing-supply-report-2025-fall-en.pdf?rev=e2bdcf1d-e5d4-4310-a80c-b543872dcbbb
Montreal CMA,2024,annual_labels_midyear_2025_exact_historical_month_unspecified,units_under_construction,Laval,purpose_built_rental,1939,dwelling_units,2025-09-09,Fall 2025,31,8,descriptive_context_2026_only,https://assets.cmhc-schl.gc.ca/sites/cmhc/professional/housing-markets-data-and-research/market-reports/housing-supply-report/2025/housing-supply-report-2025-fall-en.pdf?rev=e2bdcf1d-e5d4-4310-a80c-b543872dcbbb
Montreal CMA,2024,annual_labels_midyear_2025_exact_historical_month_unspecified,units_under_construction,South Shore including Vaudreuil-Soulanges,purpose_built_rental,3395,dwelling_units,2025-09-09,Fall 2025,31,8,descriptive_context_2026_only,https://assets.cmhc-schl.gc.ca/sites/cmhc/professional/housing-markets-data-and-research/market-reports/housing-supply-report/2025/housing-supply-report-2025-fall-en.pdf?rev=e2bdcf1d-e5d4-4310-a80c-b543872dcbbb
Montreal CMA,2024,annual_labels_midyear_2025_exact_historical_month_unspecified,units_under_construction,North Shore,purpose_built_rental,3125,dwelling_units,2025-09-09,Fall 2025,31,8,descriptive_context_2026_only,https://assets.cmhc-schl.gc.ca/sites/cmhc/professional/housing-markets-data-and-research/market-reports/housing-supply-report/2025/housing-supply-report-2025-fall-en.pdf?rev=e2bdcf1d-e5d4-4310-a80c-b543872dcbbb
Montreal CMA,2025,annual_labels_midyear_2025_exact_historical_month_unspecified,units_under_construction,Island of Montreal,purpose_built_rental,11567,dwelling_units,2025-09-09,Fall 2025,31,8,descriptive_context_2026_only,https://assets.cmhc-schl.gc.ca/sites/cmhc/professional/housing-markets-data-and-research/market-reports/housing-supply-report/2025/housing-supply-report-2025-fall-en.pdf?rev=e2bdcf1d-e5d4-4310-a80c-b543872dcbbb
Montreal CMA,2025,annual_labels_midyear_2025_exact_historical_month_unspecified,units_under_construction,Laval,purpose_built_rental,3797,dwelling_units,2025-09-09,Fall 2025,31,8,descriptive_context_2026_only,https://assets.cmhc-schl.gc.ca/sites/cmhc/professional/housing-markets-data-and-research/market-reports/housing-supply-report/2025/housing-supply-report-2025-fall-en.pdf?rev=e2bdcf1d-e5d4-4310-a80c-b543872dcbbb
Montreal CMA,2025,annual_labels_midyear_2025_exact_historical_month_unspecified,units_under_construction,South Shore including Vaudreuil-Soulanges,purpose_built_rental,4161,dwelling_units,2025-09-09,Fall 2025,31,8,descriptive_context_2026_only,https://assets.cmhc-schl.gc.ca/sites/cmhc/professional/housing-markets-data-and-research/market-reports/housing-supply-report/2025/housing-supply-report-2025-fall-en.pdf?rev=e2bdcf1d-e5d4-4310-a80c-b543872dcbbb
Montreal CMA,2025,annual_labels_midyear_2025_exact_historical_month_unspecified,units_under_construction,North Shore,purpose_built_rental,4368,dwelling_units,2025-09-09,Fall 2025,31,8,descriptive_context_2026_only,https://assets.cmhc-schl.gc.ca/sites/cmhc/professional/housing-markets-data-and-research/market-reports/housing-supply-report/2025/housing-supply-report-2025-fall-en.pdf?rev=e2bdcf1d-e5d4-4310-a80c-b543872dcbbb
Ottawa CMA source label,2015/Q1,Q1,units_under_construction,Single-detached,all_intended_markets_not_rental_specific,846,dwelling_units,2025-09-09,Fall 2025,31,9,descriptive_context_2026_only,https://assets.cmhc-schl.gc.ca/sites/cmhc/professional/housing-markets-data-and-research/market-reports/housing-supply-report/2025/housing-supply-report-2025-fall-en.pdf?rev=e2bdcf1d-e5d4-4310-a80c-b543872dcbbb
Ottawa CMA source label,2015/Q1,Q1,units_under_construction,Semi-detached,all_intended_markets_not_rental_specific,142,dwelling_units,2025-09-09,Fall 2025,31,9,descriptive_context_2026_only,https://assets.cmhc-schl.gc.ca/sites/cmhc/professional/housing-markets-data-and-research/market-reports/housing-supply-report/2025/housing-supply-report-2025-fall-en.pdf?rev=e2bdcf1d-e5d4-4310-a80c-b543872dcbbb
Ottawa CMA source label,2015/Q1,Q1,units_under_construction,Row,all_intended_markets_not_rental_specific,1244,dwelling_units,2025-09-09,Fall 2025,31,9,descriptive_context_2026_only,https://assets.cmhc-schl.gc.ca/sites/cmhc/professional/housing-markets-data-and-research/market-reports/housing-supply-report/2025/housing-supply-report-2025-fall-en.pdf?rev=e2bdcf1d-e5d4-4310-a80c-b543872dcbbb
Ottawa CMA source label,2015/Q1,Q1,units_under_construction,Apartment,all_intended_markets_not_rental_specific,2725,dwelling_units,2025-09-09,Fall 2025,31,9,descriptive_context_2026_only,https://assets.cmhc-schl.gc.ca/sites/cmhc/professional/housing-markets-data-and-research/market-reports/housing-supply-report/2025/housing-supply-report-2025-fall-en.pdf?rev=e2bdcf1d-e5d4-4310-a80c-b543872dcbbb
Ottawa CMA source label,2016/Q1,Q1,units_under_construction,Single-detached,all_intended_markets_not_rental_specific,1111,dwelling_units,2025-09-09,Fall 2025,31,9,descriptive_context_2026_only,https://assets.cmhc-schl.gc.ca/sites/cmhc/professional/housing-markets-data-and-research/market-reports/housing-supply-report/2025/housing-supply-report-2025-fall-en.pdf?rev=e2bdcf1d-e5d4-4310-a80c-b543872dcbbb
Ottawa CMA source label,2016/Q1,Q1,units_under_construction,Semi-detached,all_intended_markets_not_rental_specific,122,dwelling_units,2025-09-09,Fall 2025,31,9,descriptive_context_2026_only,https://assets.cmhc-schl.gc.ca/sites/cmhc/professional/housing-markets-data-and-research/market-reports/housing-supply-report/2025/housing-supply-report-2025-fall-en.pdf?rev=e2bdcf1d-e5d4-4310-a80c-b543872dcbbb
Ottawa CMA source label,2016/Q1,Q1,units_under_construction,Row,all_intended_markets_not_rental_specific,1142,dwelling_units,2025-09-09,Fall 2025,31,9,descriptive_context_2026_only,https://assets.cmhc-schl.gc.ca/sites/cmhc/professional/housing-markets-data-and-research/market-reports/housing-supply-report/2025/housing-supply-report-2025-fall-en.pdf?rev=e2bdcf1d-e5d4-4310-a80c-b543872dcbbb
Ottawa CMA source label,2016/Q1,Q1,units_under_construction,Apartment,all_intended_markets_not_rental_specific,2134,dwelling_units,2025-09-09,Fall 2025,31,9,descriptive_context_2026_only,https://assets.cmhc-schl.gc.ca/sites/cmhc/professional/housing-markets-data-and-research/market-reports/housing-supply-report/2025/housing-supply-report-2025-fall-en.pdf?rev=e2bdcf1d-e5d4-4310-a80c-b543872dcbbb
Ottawa CMA source label,2017/Q1,Q1,units_under_construction,Single-detached,all_intended_markets_not_rental_specific,1352,dwelling_units,2025-09-09,Fall 2025,31,9,descriptive_context_2026_only,https://assets.cmhc-schl.gc.ca/sites/cmhc/professional/housing-markets-data-and-research/market-reports/housing-supply-report/2025/housing-supply-report-2025-fall-en.pdf?rev=e2bdcf1d-e5d4-4310-a80c-b543872dcbbb
Ottawa CMA source label,2017/Q1,Q1,units_under_construction,Semi-detached,all_intended_markets_not_rental_specific,192,dwelling_units,2025-09-09,Fall 2025,31,9,descriptive_context_2026_only,https://assets.cmhc-schl.gc.ca/sites/cmhc/professional/housing-markets-data-and-research/market-reports/housing-supply-report/2025/housing-supply-report-2025-fall-en.pdf?rev=e2bdcf1d-e5d4-4310-a80c-b543872dcbbb
Ottawa CMA source label,2017/Q1,Q1,units_under_construction,Row,all_intended_markets_not_rental_specific,1328,dwelling_units,2025-09-09,Fall 2025,31,9,descriptive_context_2026_only,https://assets.cmhc-schl.gc.ca/sites/cmhc/professional/housing-markets-data-and-research/market-reports/housing-supply-report/2025/housing-supply-report-2025-fall-en.pdf?rev=e2bdcf1d-e5d4-4310-a80c-b543872dcbbb
Ottawa CMA source label,2017/Q1,Q1,units_under_construction,Apartment,all_intended_markets_not_rental_specific,2996,dwelling_units,2025-09-09,Fall 2025,31,9,descriptive_context_2026_only,https://assets.cmhc-schl.gc.ca/sites/cmhc/professional/housing-markets-data-and-research/market-reports/housing-supply-report/2025/housing-supply-report-2025-fall-en.pdf?rev=e2bdcf1d-e5d4-4310-a80c-b543872dcbbb
Ottawa CMA source label,2018/Q1,Q1,units_under_construction,Single-detached,all_intended_markets_not_rental_specific,1549,dwelling_units,2025-09-09,Fall 2025,31,9,descriptive_context_2026_only,https://assets.cmhc-schl.gc.ca/sites/cmhc/professional/housing-markets-data-and-research/market-reports/housing-supply-report/2025/housing-supply-report-2025-fall-en.pdf?rev=e2bdcf1d-e5d4-4310-a80c-b543872dcbbb
Ottawa CMA source label,2018/Q1,Q1,units_under_construction,Semi-detached,all_intended_markets_not_rental_specific,230,dwelling_units,2025-09-09,Fall 2025,31,9,descriptive_context_2026_only,https://assets.cmhc-schl.gc.ca/sites/cmhc/professional/housing-markets-data-and-research/market-reports/housing-supply-report/2025/housing-supply-report-2025-fall-en.pdf?rev=e2bdcf1d-e5d4-4310-a80c-b543872dcbbb
Ottawa CMA source label,2018/Q1,Q1,units_under_construction,Row,all_intended_markets_not_rental_specific,1631,dwelling_units,2025-09-09,Fall 2025,31,9,descriptive_context_2026_only,https://assets.cmhc-schl.gc.ca/sites/cmhc/professional/housing-markets-data-and-research/market-reports/housing-supply-report/2025/housing-supply-report-2025-fall-en.pdf?rev=e2bdcf1d-e5d4-4310-a80c-b543872dcbbb
Ottawa CMA source label,2018/Q1,Q1,units_under_construction,Apartment,all_intended_markets_not_rental_specific,3547,dwelling_units,2025-09-09,Fall 2025,31,9,descriptive_context_2026_only,https://assets.cmhc-schl.gc.ca/sites/cmhc/professional/housing-markets-data-and-research/market-reports/housing-supply-report/2025/housing-supply-report-2025-fall-en.pdf?rev=e2bdcf1d-e5d4-4310-a80c-b543872dcbbb
Ottawa CMA source label,2019/Q1,Q1,units_under_construction,Single-detached,all_intended_markets_not_rental_specific,1701,dwelling_units,2025-09-09,Fall 2025,31,9,descriptive_context_2026_only,https://assets.cmhc-schl.gc.ca/sites/cmhc/professional/housing-markets-data-and-research/market-reports/housing-supply-report/2025/housing-supply-report-2025-fall-en.pdf?rev=e2bdcf1d-e5d4-4310-a80c-b543872dcbbb
Ottawa CMA source label,2019/Q1,Q1,units_under_construction,Semi-detached,all_intended_markets_not_rental_specific,210,dwelling_units,2025-09-09,Fall 2025,31,9,descriptive_context_2026_only,https://assets.cmhc-schl.gc.ca/sites/cmhc/professional/housing-markets-data-and-research/market-reports/housing-supply-report/2025/housing-supply-report-2025-fall-en.pdf?rev=e2bdcf1d-e5d4-4310-a80c-b543872dcbbb
Ottawa CMA source label,2019/Q1,Q1,units_under_construction,Row,all_intended_markets_not_rental_specific,1556,dwelling_units,2025-09-09,Fall 2025,31,9,descriptive_context_2026_only,https://assets.cmhc-schl.gc.ca/sites/cmhc/professional/housing-markets-data-and-research/market-reports/housing-supply-report/2025/housing-supply-report-2025-fall-en.pdf?rev=e2bdcf1d-e5d4-4310-a80c-b543872dcbbb
Ottawa CMA source label,2019/Q1,Q1,units_under_construction,Apartment,all_intended_markets_not_rental_specific,5029,dwelling_units,2025-09-09,Fall 2025,31,9,descriptive_context_2026_only,https://assets.cmhc-schl.gc.ca/sites/cmhc/professional/housing-markets-data-and-research/market-reports/housing-supply-report/2025/housing-supply-report-2025-fall-en.pdf?rev=e2bdcf1d-e5d4-4310-a80c-b543872dcbbb
Ottawa CMA source label,2020/Q1,Q1,units_under_construction,Single-detached,all_intended_markets_not_rental_specific,2035,dwelling_units,2025-09-09,Fall 2025,31,9,descriptive_context_2026_only,https://assets.cmhc-schl.gc.ca/sites/cmhc/professional/housing-markets-data-and-research/market-reports/housing-supply-report/2025/housing-supply-report-2025-fall-en.pdf?rev=e2bdcf1d-e5d4-4310-a80c-b543872dcbbb
Ottawa CMA source label,2020/Q1,Q1,units_under_construction,Semi-detached,all_intended_markets_not_rental_specific,256,dwelling_units,2025-09-09,Fall 2025,31,9,descriptive_context_2026_only,https://assets.cmhc-schl.gc.ca/sites/cmhc/professional/housing-markets-data-and-research/market-reports/housing-supply-report/2025/housing-supply-report-2025-fall-en.pdf?rev=e2bdcf1d-e5d4-4310-a80c-b543872dcbbb
Ottawa CMA source label,2020/Q1,Q1,units_under_construction,Row,all_intended_markets_not_rental_specific,2365,dwelling_units,2025-09-09,Fall 2025,31,9,descriptive_context_2026_only,https://assets.cmhc-schl.gc.ca/sites/cmhc/professional/housing-markets-data-and-research/market-reports/housing-supply-report/2025/housing-supply-report-2025-fall-en.pdf?rev=e2bdcf1d-e5d4-4310-a80c-b543872dcbbb
Ottawa CMA source label,2020/Q1,Q1,units_under_construction,Apartment,all_intended_markets_not_rental_specific,5611,dwelling_units,2025-09-09,Fall 2025,31,9,descriptive_context_2026_only,https://assets.cmhc-schl.gc.ca/sites/cmhc/professional/housing-markets-data-and-research/market-reports/housing-supply-report/2025/housing-supply-report-2025-fall-en.pdf?rev=e2bdcf1d-e5d4-4310-a80c-b543872dcbbb
Ottawa CMA source label,2021/Q1,Q1,units_under_construction,Single-detached,all_intended_markets_not_rental_specific,2368,dwelling_units,2025-09-09,Fall 2025,31,9,descriptive_context_2026_only,https://assets.cmhc-schl.gc.ca/sites/cmhc/professional/housing-markets-data-and-research/market-reports/housing-supply-report/2025/housing-supply-report-2025-fall-en.pdf?rev=e2bdcf1d-e5d4-4310-a80c-b543872dcbbb
Ottawa CMA source label,2021/Q1,Q1,units_under_construction,Semi-detached,all_intended_markets_not_rental_specific,342,dwelling_units,2025-09-09,Fall 2025,31,9,descriptive_context_2026_only,https://assets.cmhc-schl.gc.ca/sites/cmhc/professional/housing-markets-data-and-research/market-reports/housing-supply-report/2025/housing-supply-report-2025-fall-en.pdf?rev=e2bdcf1d-e5d4-4310-a80c-b543872dcbbb
Ottawa CMA source label,2021/Q1,Q1,units_under_construction,Row,all_intended_markets_not_rental_specific,2693,dwelling_units,2025-09-09,Fall 2025,31,9,descriptive_context_2026_only,https://assets.cmhc-schl.gc.ca/sites/cmhc/professional/housing-markets-data-and-research/market-reports/housing-supply-report/2025/housing-supply-report-2025-fall-en.pdf?rev=e2bdcf1d-e5d4-4310-a80c-b543872dcbbb
Ottawa CMA source label,2021/Q1,Q1,units_under_construction,Apartment,all_intended_markets_not_rental_specific,7388,dwelling_units,2025-09-09,Fall 2025,31,9,descriptive_context_2026_only,https://assets.cmhc-schl.gc.ca/sites/cmhc/professional/housing-markets-data-and-research/market-reports/housing-supply-report/2025/housing-supply-report-2025-fall-en.pdf?rev=e2bdcf1d-e5d4-4310-a80c-b543872dcbbb
Ottawa CMA source label,2022/Q1,Q1,units_under_construction,Single-detached,all_intended_markets_not_rental_specific,2494,dwelling_units,2025-09-09,Fall 2025,31,9,descriptive_context_2026_only,https://assets.cmhc-schl.gc.ca/sites/cmhc/professional/housing-markets-data-and-research/market-reports/housing-supply-report/2025/housing-supply-report-2025-fall-en.pdf?rev=e2bdcf1d-e5d4-4310-a80c-b543872dcbbb
Ottawa CMA source label,2022/Q1,Q1,units_under_construction,Semi-detached,all_intended_markets_not_rental_specific,271,dwelling_units,2025-09-09,Fall 2025,31,9,descriptive_context_2026_only,https://assets.cmhc-schl.gc.ca/sites/cmhc/professional/housing-markets-data-and-research/market-reports/housing-supply-report/2025/housing-supply-report-2025-fall-en.pdf?rev=e2bdcf1d-e5d4-4310-a80c-b543872dcbbb
Ottawa CMA source label,2022/Q1,Q1,units_under_construction,Row,all_intended_markets_not_rental_specific,2890,dwelling_units,2025-09-09,Fall 2025,31,9,descriptive_context_2026_only,https://assets.cmhc-schl.gc.ca/sites/cmhc/professional/housing-markets-data-and-research/market-reports/housing-supply-report/2025/housing-supply-report-2025-fall-en.pdf?rev=e2bdcf1d-e5d4-4310-a80c-b543872dcbbb
Ottawa CMA source label,2022/Q1,Q1,units_under_construction,Apartment,all_intended_markets_not_rental_specific,8264,dwelling_units,2025-09-09,Fall 2025,31,9,descriptive_context_2026_only,https://assets.cmhc-schl.gc.ca/sites/cmhc/professional/housing-markets-data-and-research/market-reports/housing-supply-report/2025/housing-supply-report-2025-fall-en.pdf?rev=e2bdcf1d-e5d4-4310-a80c-b543872dcbbb
Ottawa CMA source label,2023/Q1,Q1,units_under_construction,Single-detached,all_intended_markets_not_rental_specific,2121,dwelling_units,2025-09-09,Fall 2025,31,9,descriptive_context_2026_only,https://assets.cmhc-schl.gc.ca/sites/cmhc/professional/housing-markets-data-and-research/market-reports/housing-supply-report/2025/housing-supply-report-2025-fall-en.pdf?rev=e2bdcf1d-e5d4-4310-a80c-b543872dcbbb
Ottawa CMA source label,2023/Q1,Q1,units_under_construction,Semi-detached,all_intended_markets_not_rental_specific,208,dwelling_units,2025-09-09,Fall 2025,31,9,descriptive_context_2026_only,https://assets.cmhc-schl.gc.ca/sites/cmhc/professional/housing-markets-data-and-research/market-reports/housing-supply-report/2025/housing-supply-report-2025-fall-en.pdf?rev=e2bdcf1d-e5d4-4310-a80c-b543872dcbbb
Ottawa CMA source label,2023/Q1,Q1,units_under_construction,Row,all_intended_markets_not_rental_specific,2571,dwelling_units,2025-09-09,Fall 2025,31,9,descriptive_context_2026_only,https://assets.cmhc-schl.gc.ca/sites/cmhc/professional/housing-markets-data-and-research/market-reports/housing-supply-report/2025/housing-supply-report-2025-fall-en.pdf?rev=e2bdcf1d-e5d4-4310-a80c-b543872dcbbb
Ottawa CMA source label,2023/Q1,Q1,units_under_construction,Apartment,all_intended_markets_not_rental_specific,11030,dwelling_units,2025-09-09,Fall 2025,31,9,descriptive_context_2026_only,https://assets.cmhc-schl.gc.ca/sites/cmhc/professional/housing-markets-data-and-research/market-reports/housing-supply-report/2025/housing-supply-report-2025-fall-en.pdf?rev=e2bdcf1d-e5d4-4310-a80c-b543872dcbbb
Ottawa CMA source label,2024/Q1,Q1,units_under_construction,Single-detached,all_intended_markets_not_rental_specific,1492,dwelling_units,2025-09-09,Fall 2025,31,9,descriptive_context_2026_only,https://assets.cmhc-schl.gc.ca/sites/cmhc/professional/housing-markets-data-and-research/market-reports/housing-supply-report/2025/housing-supply-report-2025-fall-en.pdf?rev=e2bdcf1d-e5d4-4310-a80c-b543872dcbbb
Ottawa CMA source label,2024/Q1,Q1,units_under_construction,Semi-detached,all_intended_markets_not_rental_specific,198,dwelling_units,2025-09-09,Fall 2025,31,9,descriptive_context_2026_only,https://assets.cmhc-schl.gc.ca/sites/cmhc/professional/housing-markets-data-and-research/market-reports/housing-supply-report/2025/housing-supply-report-2025-fall-en.pdf?rev=e2bdcf1d-e5d4-4310-a80c-b543872dcbbb
Ottawa CMA source label,2024/Q1,Q1,units_under_construction,Row,all_intended_markets_not_rental_specific,2126,dwelling_units,2025-09-09,Fall 2025,31,9,descriptive_context_2026_only,https://assets.cmhc-schl.gc.ca/sites/cmhc/professional/housing-markets-data-and-research/market-reports/housing-supply-report/2025/housing-supply-report-2025-fall-en.pdf?rev=e2bdcf1d-e5d4-4310-a80c-b543872dcbbb
Ottawa CMA source label,2024/Q1,Q1,units_under_construction,Apartment,all_intended_markets_not_rental_specific,13095,dwelling_units,2025-09-09,Fall 2025,31,9,descriptive_context_2026_only,https://assets.cmhc-schl.gc.ca/sites/cmhc/professional/housing-markets-data-and-research/market-reports/housing-supply-report/2025/housing-supply-report-2025-fall-en.pdf?rev=e2bdcf1d-e5d4-4310-a80c-b543872dcbbb
Ottawa CMA source label,2025/Q1,Q1,units_under_construction,Single-detached,all_intended_markets_not_rental_specific,1324,dwelling_units,2025-09-09,Fall 2025,31,9,descriptive_context_2026_only,https://assets.cmhc-schl.gc.ca/sites/cmhc/professional/housing-markets-data-and-research/market-reports/housing-supply-report/2025/housing-supply-report-2025-fall-en.pdf?rev=e2bdcf1d-e5d4-4310-a80c-b543872dcbbb
Ottawa CMA source label,2025/Q1,Q1,units_under_construction,Semi-detached,all_intended_markets_not_rental_specific,160,dwelling_units,2025-09-09,Fall 2025,31,9,descriptive_context_2026_only,https://assets.cmhc-schl.gc.ca/sites/cmhc/professional/housing-markets-data-and-research/market-reports/housing-supply-report/2025/housing-supply-report-2025-fall-en.pdf?rev=e2bdcf1d-e5d4-4310-a80c-b543872dcbbb
Ottawa CMA source label,2025/Q1,Q1,units_under_construction,Row,all_intended_markets_not_rental_specific,2060,dwelling_units,2025-09-09,Fall 2025,31,9,descriptive_context_2026_only,https://assets.cmhc-schl.gc.ca/sites/cmhc/professional/housing-markets-data-and-research/market-reports/housing-supply-report/2025/housing-supply-report-2025-fall-en.pdf?rev=e2bdcf1d-e5d4-4310-a80c-b543872dcbbb
Ottawa CMA source label,2025/Q1,Q1,units_under_construction,Apartment,all_intended_markets_not_rental_specific,12161,dwelling_units,2025-09-09,Fall 2025,31,9,descriptive_context_2026_only,https://assets.cmhc-schl.gc.ca/sites/cmhc/professional/housing-markets-data-and-research/market-reports/housing-supply-report/2025/housing-supply-report-2025-fall-en.pdf?rev=e2bdcf1d-e5d4-4310-a80c-b543872dcbbb
