REF_DATE,GEO,DGUID,Products and product groups,UOM,UOM_ID,SCALAR_FACTOR,SCALAR_ID,VECTOR,COORDINATE,VALUE,STATUS,SYMBOL,TERMINATED,DECIMALS
2017-11,Quebec,2016A000224,Rent,2002=100,17,units,0,v41691818,11.81,118.3,,,,1
2017-11,Ontario,2016A000235,Rent,2002=100,17,units,0,v41691954,14.81,118.9,,,,1
2018-11,Quebec,2016A000224,Rent,2002=100,17,units,0,v41691818,11.81,119.5,,,,1
2018-11,Ontario,2016A000235,Rent,2002=100,17,units,0,v41691954,14.81,120.8,,,,1
2019-11,Quebec,2016A000224,Rent,2002=100,17,units,0,v41691818,11.81,122.3,,,,1
2019-11,Ontario,2016A000235,Rent,2002=100,17,units,0,v41691954,14.81,125.5,,,,1
2020-11,Quebec,2016A000224,Rent,2002=100,17,units,0,v41691818,11.81,124.8,,,,1
2020-11,Ontario,2016A000235,Rent,2002=100,17,units,0,v41691954,14.81,127.2,,,,1
2021-11,Quebec,2016A000224,Rent,2002=100,17,units,0,v41691818,11.81,126.3,,,,1
2021-11,Ontario,2016A000235,Rent,2002=100,17,units,0,v41691954,14.81,130.1,,,,1
2022-11,Quebec,2016A000224,Rent,2002=100,17,units,0,v41691818,11.81,133.0,,,,1
2022-11,Ontario,2016A000235,Rent,2002=100,17,units,0,v41691954,14.81,139.4,,,,1
2023-11,Quebec,2016A000224,Rent,2002=100,17,units,0,v41691818,11.81,142.9,,,,1
2023-11,Ontario,2016A000235,Rent,2002=100,17,units,0,v41691954,14.81,146.5,,,,1
2024-11,Quebec,2016A000224,Rent,2002=100,17,units,0,v41691818,11.81,154.6,,,,1
2024-11,Ontario,2016A000235,Rent,2002=100,17,units,0,v41691954,14.81,157.3,,,,1
2025-11,Quebec,2016A000224,Rent,2002=100,17,units,0,v41691818,11.81,167.4,,,,1
2025-11,Ontario,2016A000235,Rent,2002=100,17,units,0,v41691954,14.81,163.7,,,,1
